[debug] [2026-01-09T18:00:37.499Z] ----------------------------------------------------------------------
[debug] [2026-01-09T18:00:37.500Z] Command:       /opt/homebrew/Cellar/node/25.2.0/bin/node /Users/joueph/.npm/_npx/7750544ccf494d8b/node_modules/.bin/firebase deploy --only functions:getFriendActivity
[debug] [2026-01-09T18:00:37.500Z] CLI Version:   15.2.1
[debug] [2026-01-09T18:00:37.500Z] Platform:      darwin
[debug] [2026-01-09T18:00:37.500Z] Node Version:  v25.2.0
[debug] [2026-01-09T18:00:37.500Z] Time:          Fri Jan 09 2026 15:00:37 GMT-0300 (Brasilia Standard Time)
[debug] [2026-01-09T18:00:37.500Z] ----------------------------------------------------------------------
[debug] 
[debug] [2026-01-09T18:00:38.031Z] > command requires scopes: ["email","openid","https://www.googleapis.com/auth/cloudplatformprojects.readonly","https://www.googleapis.com/auth/firebase","https://www.googleapis.com/auth/cloud-platform"]
[debug] [2026-01-09T18:00:38.031Z] > authorizing via signed-in user (martinsj773@gmail.com)
[debug] [2026-01-09T18:00:38.031Z] [iam] checking project gymbeat-4c3ff for permissions ["cloudfunctions.functions.create","cloudfunctions.functions.delete","cloudfunctions.functions.get","cloudfunctions.functions.list","cloudfunctions.functions.update","cloudfunctions.operations.get","firebase.projects.get"]
[debug] [2026-01-09T18:00:38.031Z] Checked if tokens are valid: true, expires at: 1767984924726
[debug] [2026-01-09T18:00:38.031Z] Checked if tokens are valid: true, expires at: 1767984924726
[debug] [2026-01-09T18:00:38.032Z] >>> [apiv2][query] POST https://cloudresourcemanager.googleapis.com/v1/projects/gymbeat-4c3ff:testIamPermissions [none]
[debug] [2026-01-09T18:00:38.032Z] >>> [apiv2][(partial)header] POST https://cloudresourcemanager.googleapis.com/v1/projects/gymbeat-4c3ff:testIamPermissions x-goog-quota-user=projects/gymbeat-4c3ff
[debug] [2026-01-09T18:00:38.032Z] >>> [apiv2][body] POST https://cloudresourcemanager.googleapis.com/v1/projects/gymbeat-4c3ff:testIamPermissions {"permissions":["cloudfunctions.functions.create","cloudfunctions.functions.delete","cloudfunctions.functions.get","cloudfunctions.functions.list","cloudfunctions.functions.update","cloudfunctions.operations.get","firebase.projects.get"]}
[debug] [2026-01-09T18:00:38.947Z] <<< [apiv2][status] POST https://cloudresourcemanager.googleapis.com/v1/projects/gymbeat-4c3ff:testIamPermissions 200
[debug] [2026-01-09T18:00:38.947Z] <<< [apiv2][body] POST https://cloudresourcemanager.googleapis.com/v1/projects/gymbeat-4c3ff:testIamPermissions {"permissions":["cloudfunctions.functions.create","cloudfunctions.functions.delete","cloudfunctions.functions.get","cloudfunctions.functions.list","cloudfunctions.functions.update","cloudfunctions.operations.get","firebase.projects.get"]}
[debug] [2026-01-09T18:00:38.947Z] Checked if tokens are valid: true, expires at: 1767984924726
[debug] [2026-01-09T18:00:38.947Z] Checked if tokens are valid: true, expires at: 1767984924726
[debug] [2026-01-09T18:00:38.947Z] >>> [apiv2][query] POST https://iam.googleapis.com/v1/projects/gymbeat-4c3ff/serviceAccounts/gymbeat-4c3ff@appspot.gserviceaccount.com:testIamPermissions [none]
[debug] [2026-01-09T18:00:38.947Z] >>> [apiv2][body] POST https://iam.googleapis.com/v1/projects/gymbeat-4c3ff/serviceAccounts/gymbeat-4c3ff@appspot.gserviceaccount.com:testIamPermissions {"permissions":["iam.serviceAccounts.actAs"]}
[debug] [2026-01-09T18:00:39.833Z] <<< [apiv2][status] POST https://iam.googleapis.com/v1/projects/gymbeat-4c3ff/serviceAccounts/gymbeat-4c3ff@appspot.gserviceaccount.com:testIamPermissions 200
[debug] [2026-01-09T18:00:39.833Z] <<< [apiv2][body] POST https://iam.googleapis.com/v1/projects/gymbeat-4c3ff/serviceAccounts/gymbeat-4c3ff@appspot.gserviceaccount.com:testIamPermissions {"permissions":["iam.serviceAccounts.actAs"]}
[info] 
[info] === Deploying to 'gymbeat-4c3ff'...
[info] 
[info] i  deploying functions 
[info] Running command: npm --prefix "$RESOURCE_DIR" run lint
[info] Running command: npm --prefix "$RESOURCE_DIR" run build
[info] ✔  functions: Finished running predeploy script. 
[debug] [2026-01-09T18:00:42.703Z] Checked if tokens are valid: true, expires at: 1767984924726
[debug] [2026-01-09T18:00:42.703Z] Checked if tokens are valid: true, expires at: 1767984924726
[debug] [2026-01-09T18:00:42.703Z] >>> [apiv2][query] GET https://serviceusage.googleapis.com/v1/projects/gymbeat-4c3ff/services/cloudresourcemanager.googleapis.com [none]
[debug] [2026-01-09T18:00:42.703Z] >>> [apiv2][(partial)header] GET https://serviceusage.googleapis.com/v1/projects/gymbeat-4c3ff/services/cloudresourcemanager.googleapis.com x-goog-quota-user=projects/gymbeat-4c3ff
[debug] [2026-01-09T18:00:43.862Z] <<< [apiv2][status] GET https://serviceusage.googleapis.com/v1/projects/gymbeat-4c3ff/services/cloudresourcemanager.googleapis.com 200
[debug] [2026-01-09T18:00:43.862Z] <<< [apiv2][body] GET https://serviceusage.googleapis.com/v1/projects/gymbeat-4c3ff/services/cloudresourcemanager.googleapis.com [omitted]
[debug] [2026-01-09T18:00:43.873Z] Checked if tokens are valid: true, expires at: 1767984924726
[debug] [2026-01-09T18:00:43.873Z] Checked if tokens are valid: true, expires at: 1767984924726
[debug] [2026-01-09T18:00:43.873Z] >>> [apiv2][query] GET https://cloudresourcemanager.googleapis.com/v1/projects/gymbeat-4c3ff [none]
[debug] [2026-01-09T18:00:44.119Z] <<< [apiv2][status] GET https://cloudresourcemanager.googleapis.com/v1/projects/gymbeat-4c3ff 200
[debug] [2026-01-09T18:00:44.119Z] <<< [apiv2][body] GET https://cloudresourcemanager.googleapis.com/v1/projects/gymbeat-4c3ff {"projectNumber":"418244836174","projectId":"gymbeat-4c3ff","lifecycleState":"ACTIVE","name":"GymBeat","labels":{"firebase":"enabled","firebase-core":"disabled"},"createTime":"2025-09-15T17:26:04.566725Z"}
[info] i  functions: preparing codebase default for deployment 
[info] i  functions: ensuring required API cloudfunctions.googleapis.com is enabled... 
[debug] [2026-01-09T18:00:44.121Z] Checked if tokens are valid: true, expires at: 1767984924726
[debug] [2026-01-09T18:00:44.121Z] Checked if tokens are valid: true, expires at: 1767984924726
[debug] [2026-01-09T18:00:44.121Z] Checked if tokens are valid: true, expires at: 1767984924726
[debug] [2026-01-09T18:00:44.121Z] Checked if tokens are valid: true, expires at: 1767984924726
[info] i  functions: ensuring required API cloudbuild.googleapis.com is enabled... 
[debug] [2026-01-09T18:00:44.121Z] Checked if tokens are valid: true, expires at: 1767984924726
[debug] [2026-01-09T18:00:44.121Z] Checked if tokens are valid: true, expires at: 1767984924726
[info] i  artifactregistry: ensuring required API artifactregistry.googleapis.com is enabled... 
[debug] [2026-01-09T18:00:44.122Z] Checked if tokens are valid: true, expires at: 1767984924726
[debug] [2026-01-09T18:00:44.122Z] Checked if tokens are valid: true, expires at: 1767984924726
[debug] [2026-01-09T18:00:44.122Z] >>> [apiv2][query] GET https://serviceusage.googleapis.com/v1/projects/gymbeat-4c3ff/services/cloudfunctions.googleapis.com [none]
[debug] [2026-01-09T18:00:44.122Z] >>> [apiv2][(partial)header] GET https://serviceusage.googleapis.com/v1/projects/gymbeat-4c3ff/services/cloudfunctions.googleapis.com x-goog-quota-user=projects/gymbeat-4c3ff
[debug] [2026-01-09T18:00:44.122Z] >>> [apiv2][query] GET https://serviceusage.googleapis.com/v1/projects/gymbeat-4c3ff/services/runtimeconfig.googleapis.com [none]
[debug] [2026-01-09T18:00:44.122Z] >>> [apiv2][(partial)header] GET https://serviceusage.googleapis.com/v1/projects/gymbeat-4c3ff/services/runtimeconfig.googleapis.com x-goog-quota-user=projects/gymbeat-4c3ff
[debug] [2026-01-09T18:00:44.124Z] >>> [apiv2][query] GET https://serviceusage.googleapis.com/v1/projects/gymbeat-4c3ff/services/cloudbuild.googleapis.com [none]
[debug] [2026-01-09T18:00:44.124Z] >>> [apiv2][(partial)header] GET https://serviceusage.googleapis.com/v1/projects/gymbeat-4c3ff/services/cloudbuild.googleapis.com x-goog-quota-user=projects/gymbeat-4c3ff
[debug] [2026-01-09T18:00:44.125Z] >>> [apiv2][query] GET https://serviceusage.googleapis.com/v1/projects/gymbeat-4c3ff/services/artifactregistry.googleapis.com [none]
[debug] [2026-01-09T18:00:44.125Z] >>> [apiv2][(partial)header] GET https://serviceusage.googleapis.com/v1/projects/gymbeat-4c3ff/services/artifactregistry.googleapis.com x-goog-quota-user=projects/gymbeat-4c3ff
[debug] [2026-01-09T18:00:45.273Z] <<< [apiv2][status] GET https://serviceusage.googleapis.com/v1/projects/gymbeat-4c3ff/services/cloudfunctions.googleapis.com 200
[debug] [2026-01-09T18:00:45.273Z] <<< [apiv2][body] GET https://serviceusage.googleapis.com/v1/projects/gymbeat-4c3ff/services/cloudfunctions.googleapis.com [omitted]
[info] ✔  functions: required API cloudfunctions.googleapis.com is enabled 
[debug] [2026-01-09T18:00:45.292Z] <<< [apiv2][status] GET https://serviceusage.googleapis.com/v1/projects/gymbeat-4c3ff/services/runtimeconfig.googleapis.com 200
[debug] [2026-01-09T18:00:45.292Z] <<< [apiv2][body] GET https://serviceusage.googleapis.com/v1/projects/gymbeat-4c3ff/services/runtimeconfig.googleapis.com [omitted]
[debug] [2026-01-09T18:00:45.302Z] <<< [apiv2][status] GET https://serviceusage.googleapis.com/v1/projects/gymbeat-4c3ff/services/artifactregistry.googleapis.com 200
[debug] [2026-01-09T18:00:45.302Z] <<< [apiv2][body] GET https://serviceusage.googleapis.com/v1/projects/gymbeat-4c3ff/services/artifactregistry.googleapis.com [omitted]
[info] ✔  artifactregistry: required API artifactregistry.googleapis.com is enabled 
[debug] [2026-01-09T18:00:45.310Z] <<< [apiv2][status] GET https://serviceusage.googleapis.com/v1/projects/gymbeat-4c3ff/services/cloudbuild.googleapis.com 200
[debug] [2026-01-09T18:00:45.310Z] <<< [apiv2][body] GET https://serviceusage.googleapis.com/v1/projects/gymbeat-4c3ff/services/cloudbuild.googleapis.com [omitted]
[info] ✔  functions: required API cloudbuild.googleapis.com is enabled 
[debug] [2026-01-09T18:00:45.315Z] Checked if tokens are valid: true, expires at: 1767984924726
[debug] [2026-01-09T18:00:45.315Z] Checked if tokens are valid: true, expires at: 1767984924726
[debug] [2026-01-09T18:00:45.315Z] >>> [apiv2][query] GET https://firebase.googleapis.com/v1beta1/projects/gymbeat-4c3ff/adminSdkConfig [none]
[debug] [2026-01-09T18:00:45.962Z] <<< [apiv2][status] GET https://firebase.googleapis.com/v1beta1/projects/gymbeat-4c3ff/adminSdkConfig 200
[debug] [2026-01-09T18:00:45.962Z] <<< [apiv2][body] GET https://firebase.googleapis.com/v1beta1/projects/gymbeat-4c3ff/adminSdkConfig {"projectId":"gymbeat-4c3ff","storageBucket":"gymbeat-4c3ff.firebasestorage.app"}
[debug] [2026-01-09T18:00:45.963Z] Checked if tokens are valid: true, expires at: 1767984924726
[debug] [2026-01-09T18:00:45.963Z] Checked if tokens are valid: true, expires at: 1767984924726
[debug] [2026-01-09T18:00:45.963Z] >>> [apiv2][query] GET https://runtimeconfig.googleapis.com/v1beta1/projects/gymbeat-4c3ff/configs [none]
[debug] [2026-01-09T18:00:47.102Z] <<< [apiv2][status] GET https://runtimeconfig.googleapis.com/v1beta1/projects/gymbeat-4c3ff/configs 200
[debug] [2026-01-09T18:00:47.102Z] <<< [apiv2][body] GET https://runtimeconfig.googleapis.com/v1beta1/projects/gymbeat-4c3ff/configs {}
[debug] [2026-01-09T18:00:47.104Z] Validating nodejs source
[debug] [2026-01-09T18:00:48.432Z] > [functions] package.json contents: {
  "name": "functions",
  "scripts": {
    "lint": "eslint --fix .",
    "build": "tsc",
    "build:watch": "tsc --watch",
    "serve": "npm run build && firebase emulators:start --only functions",
    "shell": "npm run build && firebase functions:shell",
    "start": "npm run shell",
    "deploy": "firebase deploy --only functions",
    "logs": "firebase functions:log"
  },
  "engines": {
    "node": "22"
  },
  "main": "lib/index.js",
  "dependencies": {
    "firebase-admin": "^12.7.0",
    "firebase-functions": "^6.4.0"
  },
  "devDependencies": {
    "@typescript-eslint/eslint-plugin": "^5.12.0",
    "@typescript-eslint/parser": "^5.12.0",
    "eslint": "^8.9.0",
    "eslint-config-google": "^0.14.0",
    "eslint-plugin-import": "^2.25.4",
    "firebase-functions-test": "^3.1.0",
    "typescript": "^5.7.3"
  },
  "private": true
}
[debug] [2026-01-09T18:00:48.432Z] Building nodejs source
[info] i  functions: Loading and analyzing source code for codebase default to determine what to deploy 
[debug] [2026-01-09T18:00:48.432Z] Could not find functions.yaml. Must use http discovery
[debug] [2026-01-09T18:00:48.437Z] Found firebase-functions binary at '/Users/joueph/Documents/GymBeat/node_modules/.bin/firebase-functions'
[info] Serving at port 8570

[debug] [2026-01-09T18:00:48.749Z] Got response from /__/functions.yaml {"endpoints":{"sendFriendRequest":{"availableMemoryMb":null,"timeoutSeconds":null,"minInstances":null,"maxInstances":null,"ingressSettings":null,"concurrency":null,"serviceAccountEmail":null,"vpc":null,"platform":"gcfv2","labels":{},"callableTrigger":{},"entryPoint":"sendFriendRequest"},"onFriendRequestAccepted":{"availableMemoryMb":null,"timeoutSeconds":null,"minInstances":null,"maxInstances":null,"ingressSettings":null,"concurrency":null,"serviceAccountEmail":null,"vpc":null,"platform":"gcfv2","labels":{},"eventTrigger":{"eventType":"google.cloud.firestore.document.v1.updated","eventFilters":{"database":"(default)","namespace":"(default)"},"eventFilterPathPatterns":{"document":"users/{acceptingUserId}"},"retry":false},"entryPoint":"onFriendRequestAccepted"},"syncPublicProfile":{"availableMemoryMb":null,"timeoutSeconds":null,"minInstances":null,"maxInstances":null,"ingressSettings":null,"concurrency":null,"serviceAccountEmail":null,"vpc":null,"platform":"gcfv2","labels":{},"eventTrigger":{"eventType":"google.cloud.firestore.document.v1.updated","eventFilters":{"database":"(default)","namespace":"(default)"},"eventFilterPathPatterns":{"document":"users/{userId}"},"retry":false},"entryPoint":"syncPublicProfile"},"onFriendRequestRejected":{"availableMemoryMb":null,"timeoutSeconds":null,"minInstances":null,"maxInstances":null,"ingressSettings":null,"concurrency":null,"serviceAccountEmail":null,"vpc":null,"platform":"gcfv2","labels":{},"eventTrigger":{"eventType":"google.cloud.firestore.document.v1.updated","eventFilters":{"database":"(default)","namespace":"(default)"},"eventFilterPathPatterns":{"document":"users/{rejectingUserId}"},"retry":false},"entryPoint":"onFriendRequestRejected"},"getFriendActivity":{"availableMemoryMb":null,"timeoutSeconds":null,"minInstances":null,"maxInstances":null,"ingressSettings":null,"concurrency":null,"serviceAccountEmail":null,"vpc":null,"platform":"gcfv2","labels":{},"callableTrigger":{},"entryPoint":"getFriendActivity"}},"specVersion":"v1alpha1","requiredAPIs":[],"extensions":{}}
[info] i  extensions: ensuring required API firebaseextensions.googleapis.com is enabled... 
[debug] [2026-01-09T18:00:52.772Z] Checked if tokens are valid: true, expires at: 1767984924726
[debug] [2026-01-09T18:00:52.772Z] Checked if tokens are valid: true, expires at: 1767984924726
[debug] [2026-01-09T18:00:52.772Z] >>> [apiv2][query] GET https://serviceusage.googleapis.com/v1/projects/gymbeat-4c3ff/services/firebaseextensions.googleapis.com [none]
[debug] [2026-01-09T18:00:52.772Z] >>> [apiv2][(partial)header] GET https://serviceusage.googleapis.com/v1/projects/gymbeat-4c3ff/services/firebaseextensions.googleapis.com x-goog-quota-user=projects/gymbeat-4c3ff
[debug] [2026-01-09T18:00:53.803Z] <<< [apiv2][status] GET https://serviceusage.googleapis.com/v1/projects/gymbeat-4c3ff/services/firebaseextensions.googleapis.com 200
[debug] [2026-01-09T18:00:53.804Z] <<< [apiv2][body] GET https://serviceusage.googleapis.com/v1/projects/gymbeat-4c3ff/services/firebaseextensions.googleapis.com [omitted]
[info] ✔  extensions: required API firebaseextensions.googleapis.com is enabled 
[debug] [2026-01-09T18:00:53.815Z] > command requires scopes: ["email","openid","https://www.googleapis.com/auth/cloudplatformprojects.readonly","https://www.googleapis.com/auth/firebase","https://www.googleapis.com/auth/cloud-platform"]
[debug] [2026-01-09T18:00:53.815Z] > authorizing via signed-in user (martinsj773@gmail.com)
[debug] [2026-01-09T18:00:53.815Z] [iam] checking project gymbeat-4c3ff for permissions ["firebase.projects.get","firebaseextensions.instances.list"]
[debug] [2026-01-09T18:00:53.815Z] Checked if tokens are valid: true, expires at: 1767984924726
[debug] [2026-01-09T18:00:53.815Z] Checked if tokens are valid: true, expires at: 1767984924726
[debug] [2026-01-09T18:00:53.815Z] >>> [apiv2][query] POST https://cloudresourcemanager.googleapis.com/v1/projects/gymbeat-4c3ff:testIamPermissions [none]
[debug] [2026-01-09T18:00:53.816Z] >>> [apiv2][(partial)header] POST https://cloudresourcemanager.googleapis.com/v1/projects/gymbeat-4c3ff:testIamPermissions x-goog-quota-user=projects/gymbeat-4c3ff
[debug] [2026-01-09T18:00:53.816Z] >>> [apiv2][body] POST https://cloudresourcemanager.googleapis.com/v1/projects/gymbeat-4c3ff:testIamPermissions {"permissions":["firebase.projects.get","firebaseextensions.instances.list"]}
[debug] [2026-01-09T18:00:54.696Z] <<< [apiv2][status] POST https://cloudresourcemanager.googleapis.com/v1/projects/gymbeat-4c3ff:testIamPermissions 200
[debug] [2026-01-09T18:00:54.697Z] <<< [apiv2][body] POST https://cloudresourcemanager.googleapis.com/v1/projects/gymbeat-4c3ff:testIamPermissions {"permissions":["firebase.projects.get","firebaseextensions.instances.list"]}
[debug] [2026-01-09T18:00:54.697Z] Checked if tokens are valid: true, expires at: 1767984924726
[debug] [2026-01-09T18:00:54.697Z] Checked if tokens are valid: true, expires at: 1767984924726
[debug] [2026-01-09T18:00:54.697Z] >>> [apiv2][query] GET https://firebaseextensions.googleapis.com/v1beta/projects/gymbeat-4c3ff/instances pageSize=100&pageToken=
[debug] [2026-01-09T18:00:55.793Z] <<< [apiv2][status] GET https://firebaseextensions.googleapis.com/v1beta/projects/gymbeat-4c3ff/instances 200
[debug] [2026-01-09T18:00:55.793Z] <<< [apiv2][body] GET https://firebaseextensions.googleapis.com/v1beta/projects/gymbeat-4c3ff/instances {}
[info] i  functions: preparing functions directory for uploading... 
[info] i  functions: packaged /Users/joueph/Documents/GymBeat/functions (102.21 KB) for uploading 
[debug] [2026-01-09T18:00:55.852Z] Checked if tokens are valid: true, expires at: 1767984924726
[debug] [2026-01-09T18:00:55.852Z] Checked if tokens are valid: true, expires at: 1767984924726
[debug] [2026-01-09T18:00:55.852Z] >>> [apiv2][query] GET https://cloudfunctions.googleapis.com/v1/projects/gymbeat-4c3ff/locations/-/functions [none]
[debug] [2026-01-09T18:00:57.674Z] <<< [apiv2][status] GET https://cloudfunctions.googleapis.com/v1/projects/gymbeat-4c3ff/locations/-/functions 200
[debug] [2026-01-09T18:00:57.674Z] <<< [apiv2][body] GET https://cloudfunctions.googleapis.com/v1/projects/gymbeat-4c3ff/locations/-/functions {}
[debug] [2026-01-09T18:00:57.674Z] Checked if tokens are valid: true, expires at: 1767984924726
[debug] [2026-01-09T18:00:57.674Z] Checked if tokens are valid: true, expires at: 1767984924726
[debug] [2026-01-09T18:00:57.675Z] >>> [apiv2][query] GET https://cloudfunctions.googleapis.com/v2/projects/gymbeat-4c3ff/locations/-/functions filter=environment%3D%22GEN_2%22
[debug] [2026-01-09T18:00:59.140Z] <<< [apiv2][status] GET https://cloudfunctions.googleapis.com/v2/projects/gymbeat-4c3ff/locations/-/functions 200
[debug] [2026-01-09T18:00:59.140Z] <<< [apiv2][body] GET https://cloudfunctions.googleapis.com/v2/projects/gymbeat-4c3ff/locations/-/functions {"functions":[{"name":"projects/gymbeat-4c3ff/locations/us-central1/functions/sendFriendRequest","buildConfig":{"build":"projects/418244836174/locations/us-central1/builds/88224365-1900-41bd-ab3d-33fcf691ed22","runtime":"nodejs22","entryPoint":"sendFriendRequest","source":{"storageSource":{"bucket":"gcf-v2-sources-418244836174-us-central1","object":"sendFriendRequest/function-source.zip","generation":"1760211792060768"}},"environmentVariables":{"GOOGLE_NODE_RUN_SCRIPTS":""},"dockerRepository":"projects/gymbeat-4c3ff/locations/us-central1/repositories/gcf-artifacts","sourceProvenance":{"resolvedStorageSource":{"bucket":"gcf-v2-sources-418244836174-us-central1","object":"sendFriendRequest/function-source.zip","generation":"1760211792060768"}},"dockerRegistry":"ARTIFACT_REGISTRY","serviceAccount":"projects/gymbeat-4c3ff/serviceAccounts/418244836174-compute@developer.gserviceaccount.com","automaticUpdatePolicy":{}},"serviceConfig":{"service":"projects/gymbeat-4c3ff/locations/us-central1/services/sendfriendrequest","timeoutSeconds":60,"environmentVariables":{"FIREBASE_CONFIG":"{\"projectId\":\"gymbeat-4c3ff\",\"storageBucket\":\"gymbeat-4c3ff.firebasestorage.app\"}","GCLOUD_PROJECT":"gymbeat-4c3ff","EVENTARC_CLOUD_EVENT_SOURCE":"projects/gymbeat-4c3ff/locations/us-central1/services/sendFriendRequest","FUNCTION_TARGET":"sendFriendRequest","LOG_EXECUTION_ID":"true","FUNCTION_SIGNATURE_TYPE":"http"},"maxInstanceCount":3,"ingressSettings":"ALLOW_ALL","uri":"https://sendfriendrequest-iqt5mneoda-uc.a.run.app","serviceAccountEmail":"418244836174-compute@developer.gserviceaccount.com","availableMemory":"256Mi","allTrafficOnLatestRevision":true,"revision":"sendfriendrequest-00003-wik","maxInstanceRequestConcurrency":80,"availableCpu":"1"},"state":"ACTIVE","updateTime":"2025-10-11T19:44:05.495426470Z","labels":{"deployment-callable":"true","firebase-functions-hash":"cc87113a394221e5396d3e681e4ec61921e75bf9","deployment-tool":"cli-firebase"},"environment":"GEN_2","url":"https://us-central1-gymbeat-4c3ff.cloudfunctions.net/sendFriendRequest","createTime":"2025-10-02T23:36:32.081975191Z","satisfiesPzi":true},{"name":"projects/gymbeat-4c3ff/locations/us-central1/functions/onFriendRequestAccepted","buildConfig":{"build":"projects/418244836174/locations/us-central1/builds/88224365-1900-41bd-ab3d-33fcf691ed22","runtime":"nodejs22","entryPoint":"onFriendRequestAccepted","source":{"storageSource":{"bucket":"gcf-v2-sources-418244836174-us-central1","object":"onFriendRequestAccepted/function-source.zip","generation":"1760211838687784"}},"environmentVariables":{"GOOGLE_NODE_RUN_SCRIPTS":""},"dockerRepository":"projects/gymbeat-4c3ff/locations/us-central1/repositories/gcf-artifacts","sourceProvenance":{"resolvedStorageSource":{"bucket":"gcf-v2-sources-418244836174-us-central1","object":"onFriendRequestAccepted/function-source.zip","generation":"1760211838687784"}},"dockerRegistry":"ARTIFACT_REGISTRY","serviceAccount":"projects/gymbeat-4c3ff/serviceAccounts/418244836174-compute@developer.gserviceaccount.com","automaticUpdatePolicy":{}},"serviceConfig":{"service":"projects/gymbeat-4c3ff/locations/us-central1/services/onfriendrequestaccepted","timeoutSeconds":60,"environmentVariables":{"FIREBASE_CONFIG":"{\"projectId\":\"gymbeat-4c3ff\",\"storageBucket\":\"gymbeat-4c3ff.firebasestorage.app\"}","GCLOUD_PROJECT":"gymbeat-4c3ff","EVENTARC_CLOUD_EVENT_SOURCE":"projects/gymbeat-4c3ff/locations/us-central1/services/onFriendRequestAccepted","FUNCTION_SIGNATURE_TYPE":"cloudevent","FUNCTION_TARGET":"onFriendRequestAccepted","LOG_EXECUTION_ID":"true"},"maxInstanceCount":3,"ingressSettings":"ALLOW_ALL","uri":"https://onfriendrequestaccepted-iqt5mneoda-uc.a.run.app","serviceAccountEmail":"418244836174-compute@developer.gserviceaccount.com","availableMemory":"256Mi","allTrafficOnLatestRevision":true,"revision":"onfriendrequestaccepted-00002-puf","maxInstanceRequestConcurrency":80,"availableCpu":"1"},"eventTrigger":{"trigger":"projects/gymbeat-4c3ff/locations/southamerica-east1/triggers/onfriendrequestaccepted-469777","triggerRegion":"southamerica-east1","eventType":"google.cloud.firestore.document.v1.updated","eventFilters":[{"attribute":"database","value":"(default)"},{"attribute":"namespace","value":"(default)"},{"attribute":"document","value":"users/{acceptingUserId}","operator":"match-path-pattern"}],"pubsubTopic":"projects/gymbeat-4c3ff/topics/eventarc-southamerica-east1-onfriendrequestaccepted-469777-474","serviceAccountEmail":"418244836174-compute@developer.gserviceaccount.com","retryPolicy":"RETRY_POLICY_DO_NOT_RETRY"},"state":"ACTIVE","updateTime":"2025-10-11T19:44:06.953048839Z","labels":{"deployment-tool":"cli-firebase","firebase-functions-hash":"cc87113a394221e5396d3e681e4ec61921e75bf9"},"environment":"GEN_2","url":"https://us-central1-gymbeat-4c3ff.cloudfunctions.net/onFriendRequestAccepted","createTime":"2025-10-11T00:36:16.838597697Z","satisfiesPzi":true},{"name":"projects/gymbeat-4c3ff/locations/us-central1/functions/onFriendRequestRejected","buildConfig":{"build":"projects/418244836174/locations/us-central1/builds/88224365-1900-41bd-ab3d-33fcf691ed22","runtime":"nodejs22","entryPoint":"onFriendRequestRejected","source":{"storageSource":{"bucket":"gcf-v2-sources-418244836174-us-central1","object":"onFriendRequestRejected/function-source.zip","generation":"1760211839165545"}},"environmentVariables":{"GOOGLE_NODE_RUN_SCRIPTS":""},"dockerRepository":"projects/gymbeat-4c3ff/locations/us-central1/repositories/gcf-artifacts","sourceProvenance":{"resolvedStorageSource":{"bucket":"gcf-v2-sources-418244836174-us-central1","object":"onFriendRequestRejected/function-source.zip","generation":"1760211839165545"}},"dockerRegistry":"ARTIFACT_REGISTRY","serviceAccount":"projects/gymbeat-4c3ff/serviceAccounts/418244836174-compute@developer.gserviceaccount.com","automaticUpdatePolicy":{}},"serviceConfig":{"service":"projects/gymbeat-4c3ff/locations/us-central1/services/onfriendrequestrejected","timeoutSeconds":60,"environmentVariables":{"FIREBASE_CONFIG":"{\"projectId\":\"gymbeat-4c3ff\",\"storageBucket\":\"gymbeat-4c3ff.firebasestorage.app\"}","GCLOUD_PROJECT":"gymbeat-4c3ff","EVENTARC_CLOUD_EVENT_SOURCE":"projects/gymbeat-4c3ff/locations/us-central1/services/onFriendRequestRejected","FUNCTION_SIGNATURE_TYPE":"cloudevent","FUNCTION_TARGET":"onFriendRequestRejected","LOG_EXECUTION_ID":"true"},"maxInstanceCount":3,"ingressSettings":"ALLOW_ALL","uri":"https://onfriendrequestrejected-iqt5mneoda-uc.a.run.app","serviceAccountEmail":"418244836174-compute@developer.gserviceaccount.com","availableMemory":"256Mi","allTrafficOnLatestRevision":true,"revision":"onfriendrequestrejected-00002-yag","maxInstanceRequestConcurrency":80,"availableCpu":"1"},"eventTrigger":{"trigger":"projects/gymbeat-4c3ff/locations/southamerica-east1/triggers/onfriendrequestrejected-298222","triggerRegion":"southamerica-east1","eventType":"google.cloud.firestore.document.v1.updated","eventFilters":[{"attribute":"database","value":"(default)"},{"attribute":"namespace","value":"(default)"},{"attribute":"document","value":"users/{rejectingUserId}","operator":"match-path-pattern"}],"pubsubTopic":"projects/gymbeat-4c3ff/topics/eventarc-southamerica-east1-onfriendrequestrejected-298222-154","serviceAccountEmail":"418244836174-compute@developer.gserviceaccount.com","retryPolicy":"RETRY_POLICY_DO_NOT_RETRY"},"state":"ACTIVE","updateTime":"2025-10-11T19:44:07.877027612Z","labels":{"deployment-tool":"cli-firebase","firebase-functions-hash":"cc87113a394221e5396d3e681e4ec61921e75bf9"},"environment":"GEN_2","url":"https://us-central1-gymbeat-4c3ff.cloudfunctions.net/onFriendRequestRejected","createTime":"2025-10-11T00:37:24.534930953Z","satisfiesPzi":true},{"name":"projects/gymbeat-4c3ff/locations/us-central1/functions/syncPublicProfile","buildConfig":{"build":"projects/418244836174/locations/us-central1/builds/88224365-1900-41bd-ab3d-33fcf691ed22","runtime":"nodejs22","entryPoint":"syncPublicProfile","source":{"storageSource":{"bucket":"gcf-v2-sources-418244836174-us-central1","object":"syncPublicProfile/function-source.zip","generation":"1760211838334513"}},"environmentVariables":{"GOOGLE_NODE_RUN_SCRIPTS":""},"dockerRepository":"projects/gymbeat-4c3ff/locations/us-central1/repositories/gcf-artifacts","sourceProvenance":{"resolvedStorageSource":{"bucket":"gcf-v2-sources-418244836174-us-central1","object":"syncPublicProfile/function-source.zip","generation":"1760211838334513"}},"dockerRegistry":"ARTIFACT_REGISTRY","serviceAccount":"projects/gymbeat-4c3ff/serviceAccounts/418244836174-compute@developer.gserviceaccount.com","automaticUpdatePolicy":{}},"serviceConfig":{"service":"projects/gymbeat-4c3ff/locations/us-central1/services/syncpublicprofile","timeoutSeconds":60,"environmentVariables":{"FIREBASE_CONFIG":"{\"projectId\":\"gymbeat-4c3ff\",\"storageBucket\":\"gymbeat-4c3ff.firebasestorage.app\"}","GCLOUD_PROJECT":"gymbeat-4c3ff","EVENTARC_CLOUD_EVENT_SOURCE":"projects/gymbeat-4c3ff/locations/us-central1/services/syncPublicProfile","FUNCTION_SIGNATURE_TYPE":"cloudevent","FUNCTION_TARGET":"syncPublicProfile","LOG_EXECUTION_ID":"true"},"maxInstanceCount":3,"ingressSettings":"ALLOW_ALL","uri":"https://syncpublicprofile-iqt5mneoda-uc.a.run.app","serviceAccountEmail":"418244836174-compute@developer.gserviceaccount.com","availableMemory":"256Mi","allTrafficOnLatestRevision":true,"revision":"syncpublicprofile-00002-vep","maxInstanceRequestConcurrency":80,"availableCpu":"1"},"eventTrigger":{"trigger":"projects/gymbeat-4c3ff/locations/southamerica-east1/triggers/syncpublicprofile-622020","triggerRegion":"southamerica-east1","eventType":"google.cloud.firestore.document.v1.updated","eventFilters":[{"attribute":"database","value":"(default)"},{"attribute":"namespace","value":"(default)"},{"attribute":"document","value":"users/{userId}","operator":"match-path-pattern"}],"pubsubTopic":"projects/gymbeat-4c3ff/topics/eventarc-southamerica-east1-syncpublicprofile-622020-172","serviceAccountEmail":"418244836174-compute@developer.gserviceaccount.com","retryPolicy":"RETRY_POLICY_DO_NOT_RETRY"},"state":"ACTIVE","updateTime":"2025-10-11T19:44:07.623229311Z","labels":{"deployment-tool":"cli-firebase","firebase-functions-hash":"cc87113a394221e5396d3e681e4ec61921e75bf9"},"environment":"GEN_2","url":"https://us-central1-gymbeat-4c3ff.cloudfunctions.net/syncPublicProfile","createTime":"2025-10-11T00:37:24.456682195Z","satisfiesPzi":true}]}
[debug] [2026-01-09T18:00:59.143Z] Checked if tokens are valid: true, expires at: 1767984924726
[debug] [2026-01-09T18:00:59.143Z] Checked if tokens are valid: true, expires at: 1767984924726
[debug] [2026-01-09T18:00:59.143Z] >>> [apiv2][query] GET https://firestore.googleapis.com/v1/projects/gymbeat-4c3ff/databases/(default) [none]
[debug] [2026-01-09T18:00:59.416Z] <<< [apiv2][status] GET https://firestore.googleapis.com/v1/projects/gymbeat-4c3ff/databases/(default) 200
[debug] [2026-01-09T18:00:59.416Z] <<< [apiv2][body] GET https://firestore.googleapis.com/v1/projects/gymbeat-4c3ff/databases/(default) {"name":"projects/gymbeat-4c3ff/databases/(default)","uid":"7e935064-0d9c-41a2-9766-b31d60f12a78","createTime":"2025-09-15T23:59:37.992648Z","updateTime":"2025-09-15T23:59:37.992648Z","locationId":"southamerica-east1","type":"FIRESTORE_NATIVE","concurrencyMode":"PESSIMISTIC","versionRetentionPeriod":"3600s","earliestVersionTime":"2026-01-09T17:00:59.406832Z","appEngineIntegrationMode":"DISABLED","keyPrefix":"i","pointInTimeRecoveryEnablement":"POINT_IN_TIME_RECOVERY_DISABLED","deleteProtectionState":"DELETE_PROTECTION_DISABLED","databaseEdition":"STANDARD","freeTier":true,"realtimeUpdatesMode":"REALTIME_UPDATES_MODE_ENABLED","etag":"IKn+nPaE/5EDMLb/rp+D3I8D"}
[info] i  functions: ensuring required API run.googleapis.com is enabled... 
[debug] [2026-01-09T18:00:59.419Z] Checked if tokens are valid: true, expires at: 1767984924726
[debug] [2026-01-09T18:00:59.419Z] Checked if tokens are valid: true, expires at: 1767984924726
[info] i  functions: ensuring required API eventarc.googleapis.com is enabled... 
[debug] [2026-01-09T18:00:59.419Z] Checked if tokens are valid: true, expires at: 1767984924726
[debug] [2026-01-09T18:00:59.419Z] Checked if tokens are valid: true, expires at: 1767984924726
[info] i  functions: ensuring required API pubsub.googleapis.com is enabled... 
[debug] [2026-01-09T18:00:59.419Z] Checked if tokens are valid: true, expires at: 1767984924726
[debug] [2026-01-09T18:00:59.419Z] Checked if tokens are valid: true, expires at: 1767984924726
[info] i  functions: ensuring required API storage.googleapis.com is enabled... 
[debug] [2026-01-09T18:00:59.420Z] Checked if tokens are valid: true, expires at: 1767984924726
[debug] [2026-01-09T18:00:59.420Z] Checked if tokens are valid: true, expires at: 1767984924726
[debug] [2026-01-09T18:00:59.420Z] >>> [apiv2][query] GET https://serviceusage.googleapis.com/v1/projects/418244836174/services/run.googleapis.com [none]
[debug] [2026-01-09T18:00:59.420Z] >>> [apiv2][(partial)header] GET https://serviceusage.googleapis.com/v1/projects/418244836174/services/run.googleapis.com x-goog-quota-user=projects/418244836174
[debug] [2026-01-09T18:00:59.421Z] >>> [apiv2][query] GET https://serviceusage.googleapis.com/v1/projects/418244836174/services/eventarc.googleapis.com [none]
[debug] [2026-01-09T18:00:59.421Z] >>> [apiv2][(partial)header] GET https://serviceusage.googleapis.com/v1/projects/418244836174/services/eventarc.googleapis.com x-goog-quota-user=projects/418244836174
[debug] [2026-01-09T18:00:59.422Z] >>> [apiv2][query] GET https://serviceusage.googleapis.com/v1/projects/418244836174/services/pubsub.googleapis.com [none]
[debug] [2026-01-09T18:00:59.422Z] >>> [apiv2][(partial)header] GET https://serviceusage.googleapis.com/v1/projects/418244836174/services/pubsub.googleapis.com x-goog-quota-user=projects/418244836174
[debug] [2026-01-09T18:00:59.423Z] >>> [apiv2][query] GET https://serviceusage.googleapis.com/v1/projects/418244836174/services/storage.googleapis.com [none]
[debug] [2026-01-09T18:00:59.423Z] >>> [apiv2][(partial)header] GET https://serviceusage.googleapis.com/v1/projects/418244836174/services/storage.googleapis.com x-goog-quota-user=projects/418244836174
[debug] [2026-01-09T18:01:00.434Z] <<< [apiv2][status] GET https://serviceusage.googleapis.com/v1/projects/418244836174/services/pubsub.googleapis.com 200
[debug] [2026-01-09T18:01:00.434Z] <<< [apiv2][body] GET https://serviceusage.googleapis.com/v1/projects/418244836174/services/pubsub.googleapis.com [omitted]
[info] ✔  functions: required API pubsub.googleapis.com is enabled 
[debug] [2026-01-09T18:01:00.456Z] <<< [apiv2][status] GET https://serviceusage.googleapis.com/v1/projects/418244836174/services/eventarc.googleapis.com 200
[debug] [2026-01-09T18:01:00.456Z] <<< [apiv2][body] GET https://serviceusage.googleapis.com/v1/projects/418244836174/services/eventarc.googleapis.com [omitted]
[info] ✔  functions: required API eventarc.googleapis.com is enabled 
[debug] [2026-01-09T18:01:00.495Z] <<< [apiv2][status] GET https://serviceusage.googleapis.com/v1/projects/418244836174/services/run.googleapis.com 200
[debug] [2026-01-09T18:01:00.495Z] <<< [apiv2][body] GET https://serviceusage.googleapis.com/v1/projects/418244836174/services/run.googleapis.com [omitted]
[info] ✔  functions: required API run.googleapis.com is enabled 
[debug] [2026-01-09T18:01:00.504Z] <<< [apiv2][status] GET https://serviceusage.googleapis.com/v1/projects/418244836174/services/storage.googleapis.com 200
[debug] [2026-01-09T18:01:00.504Z] <<< [apiv2][body] GET https://serviceusage.googleapis.com/v1/projects/418244836174/services/storage.googleapis.com [omitted]
[info] ✔  functions: required API storage.googleapis.com is enabled 
[info] i  functions: generating the service identity for pubsub.googleapis.com... 
[debug] [2026-01-09T18:01:00.510Z] Checked if tokens are valid: true, expires at: 1767984924726
[debug] [2026-01-09T18:01:00.510Z] Checked if tokens are valid: true, expires at: 1767984924726
[info] i  functions: generating the service identity for eventarc.googleapis.com... 
[debug] [2026-01-09T18:01:00.510Z] Checked if tokens are valid: true, expires at: 1767984924726
[debug] [2026-01-09T18:01:00.510Z] Checked if tokens are valid: true, expires at: 1767984924726
[debug] [2026-01-09T18:01:00.510Z] >>> [apiv2][query] POST https://serviceusage.googleapis.com/v1beta1/projects/418244836174/services/pubsub.googleapis.com:generateServiceIdentity [none]
[debug] [2026-01-09T18:01:00.510Z] >>> [apiv2][(partial)header] POST https://serviceusage.googleapis.com/v1beta1/projects/418244836174/services/pubsub.googleapis.com:generateServiceIdentity x-goog-quota-user=projects/418244836174
[debug] [2026-01-09T18:01:00.510Z] >>> [apiv2][body] POST https://serviceusage.googleapis.com/v1beta1/projects/418244836174/services/pubsub.googleapis.com:generateServiceIdentity {}
[debug] [2026-01-09T18:01:00.510Z] >>> [apiv2][query] POST https://serviceusage.googleapis.com/v1beta1/projects/418244836174/services/eventarc.googleapis.com:generateServiceIdentity [none]
[debug] [2026-01-09T18:01:00.510Z] >>> [apiv2][(partial)header] POST https://serviceusage.googleapis.com/v1beta1/projects/418244836174/services/eventarc.googleapis.com:generateServiceIdentity x-goog-quota-user=projects/418244836174
[debug] [2026-01-09T18:01:00.511Z] >>> [apiv2][body] POST https://serviceusage.googleapis.com/v1beta1/projects/418244836174/services/eventarc.googleapis.com:generateServiceIdentity {}
[debug] [2026-01-09T18:01:01.513Z] <<< [apiv2][status] POST https://serviceusage.googleapis.com/v1beta1/projects/418244836174/services/eventarc.googleapis.com:generateServiceIdentity 200
[debug] [2026-01-09T18:01:01.513Z] <<< [apiv2][body] POST https://serviceusage.googleapis.com/v1beta1/projects/418244836174/services/eventarc.googleapis.com:generateServiceIdentity {"name":"operations/finished.DONE_OPERATION","done":true,"response":{"@type":"type.googleapis.com/google.api.serviceusage.v1beta1.ServiceIdentity","email":"service-418244836174@gcp-sa-eventarc.iam.gserviceaccount.com","uniqueId":"102432804751899080152"}}
[debug] [2026-01-09T18:01:01.513Z] <<< [apiv2][status] POST https://serviceusage.googleapis.com/v1beta1/projects/418244836174/services/pubsub.googleapis.com:generateServiceIdentity 200
[debug] [2026-01-09T18:01:01.513Z] <<< [apiv2][body] POST https://serviceusage.googleapis.com/v1beta1/projects/418244836174/services/pubsub.googleapis.com:generateServiceIdentity {"name":"operations/finished.DONE_OPERATION","done":true,"response":{"@type":"type.googleapis.com/google.api.serviceusage.v1beta1.ServiceIdentity","email":"service-418244836174@gcp-sa-pubsub.iam.gserviceaccount.com","uniqueId":"101873818930213887099"}}
[debug] [2026-01-09T18:01:01.516Z] Checked if tokens are valid: true, expires at: 1767984924726
[debug] [2026-01-09T18:01:01.516Z] Checked if tokens are valid: true, expires at: 1767984924726
[debug] [2026-01-09T18:01:01.516Z] >>> [apiv2][query] GET https://cloudresourcemanager.googleapis.com/v1/projects/gymbeat-4c3ff [none]
[debug] [2026-01-09T18:01:02.418Z] <<< [apiv2][status] GET https://cloudresourcemanager.googleapis.com/v1/projects/gymbeat-4c3ff 200
[debug] [2026-01-09T18:01:02.418Z] <<< [apiv2][body] GET https://cloudresourcemanager.googleapis.com/v1/projects/gymbeat-4c3ff {"projectNumber":"418244836174","projectId":"gymbeat-4c3ff","lifecycleState":"ACTIVE","name":"GymBeat","labels":{"firebase":"enabled","firebase-core":"disabled"},"createTime":"2025-09-15T17:26:04.566725Z"}
[debug] [2026-01-09T18:01:02.418Z] Checked if tokens are valid: true, expires at: 1767984924726
[debug] [2026-01-09T18:01:02.418Z] Checked if tokens are valid: true, expires at: 1767984924726
[debug] [2026-01-09T18:01:02.418Z] >>> [apiv2][query] GET https://compute.googleapis.com/compute/v1/projects/418244836174 [none]
[debug] [2026-01-09T18:01:02.785Z] <<< [apiv2][status] GET https://compute.googleapis.com/compute/v1/projects/418244836174 403
[debug] [2026-01-09T18:01:02.786Z] <<< [apiv2][body] GET https://compute.googleapis.com/compute/v1/projects/418244836174 {"error":{"code":403,"message":"Compute Engine API has not been used in project 418244836174 before or it is disabled. Enable it by visiting https://console.developers.google.com/apis/api/compute.googleapis.com/overview?project=418244836174 then retry. If you enabled this API recently, wait a few minutes for the action to propagate to our systems and retry.","errors":[{"message":"Compute Engine API has not been used in project 418244836174 before or it is disabled. Enable it by visiting https://console.developers.google.com/apis/api/compute.googleapis.com/overview?project=418244836174 then retry. If you enabled this API recently, wait a few minutes for the action to propagate to our systems and retry.","domain":"usageLimits","reason":"accessNotConfigured","extendedHelp":"https://console.developers.google.com"}],"status":"PERMISSION_DENIED","details":[{"@type":"type.googleapis.com/google.rpc.ErrorInfo","reason":"SERVICE_DISABLED","domain":"googleapis.com","metadata":{"activationUrl":"https://console.developers.google.com/apis/api/compute.googleapis.com/overview?project=418244836174","consumer":"projects/418244836174","service":"compute.googleapis.com","containerInfo":"418244836174","serviceTitle":"Compute Engine API"}},{"@type":"type.googleapis.com/google.rpc.LocalizedMessage","locale":"en-US","message":"Compute Engine API has not been used in project 418244836174 before or it is disabled. Enable it by visiting https://console.developers.google.com/apis/api/compute.googleapis.com/overview?project=418244836174 then retry. If you enabled this API recently, wait a few minutes for the action to propagate to our systems and retry."},{"@type":"type.googleapis.com/google.rpc.Help","links":[{"description":"Google developers console API activation","url":"https://console.developers.google.com/apis/api/compute.googleapis.com/overview?project=418244836174"}]}]}}
[debug] [2026-01-09T18:01:02.786Z] unable to look up default compute service account. Falling back to 418244836174-compute@developer.gserviceaccount.com. Error: {"name":"FirebaseError","children":[],"context":{"body":{"error":{"code":403,"message":"Compute Engine API has not been used in project 418244836174 before or it is disabled. Enable it by visiting https://console.developers.google.com/apis/api/compute.googleapis.com/overview?project=418244836174 then retry. If you enabled this API recently, wait a few minutes for the action to propagate to our systems and retry.","errors":[{"message":"Compute Engine API has not been used in project 418244836174 before or it is disabled. Enable it by visiting https://console.developers.google.com/apis/api/compute.googleapis.com/overview?project=418244836174 then retry. If you enabled this API recently, wait a few minutes for the action to propagate to our systems and retry.","domain":"usageLimits","reason":"accessNotConfigured","extendedHelp":"https://console.developers.google.com"}],"status":"PERMISSION_DENIED","details":[{"@type":"type.googleapis.com/google.rpc.ErrorInfo","reason":"SERVICE_DISABLED","domain":"googleapis.com","metadata":{"activationUrl":"https://console.developers.google.com/apis/api/compute.googleapis.com/overview?project=418244836174","consumer":"projects/418244836174","service":"compute.googleapis.com","containerInfo":"418244836174","serviceTitle":"Compute Engine API"}},{"@type":"type.googleapis.com/google.rpc.LocalizedMessage","locale":"en-US","message":"Compute Engine API has not been used in project 418244836174 before or it is disabled. Enable it by visiting https://console.developers.google.com/apis/api/compute.googleapis.com/overview?project=418244836174 then retry. If you enabled this API recently, wait a few minutes for the action to propagate to our systems and retry."},{"@type":"type.googleapis.com/google.rpc.Help","links":[{"description":"Google developers console API activation","url":"https://console.developers.google.com/apis/api/compute.googleapis.com/overview?project=418244836174"}]}]}},"response":{"statusCode":403}},"exit":1,"message":"Request to https://compute.googleapis.com/compute/v1/projects/418244836174 had HTTP Error: 403, Compute Engine API has not been used in project 418244836174 before or it is disabled. Enable it by visiting https://console.developers.google.com/apis/api/compute.googleapis.com/overview?project=418244836174 then retry. If you enabled this API recently, wait a few minutes for the action to propagate to our systems and retry.","status":403}
[debug] [2026-01-09T18:01:02.787Z] Checked if tokens are valid: true, expires at: 1767984924726
[debug] [2026-01-09T18:01:02.787Z] Checked if tokens are valid: true, expires at: 1767984924726
[debug] [2026-01-09T18:01:02.787Z] >>> [apiv2][query] GET https://cloudbilling.googleapis.com/v1/projects/gymbeat-4c3ff/billingInfo [none]
[debug] [2026-01-09T18:01:03.267Z] <<< [apiv2][status] GET https://cloudbilling.googleapis.com/v1/projects/gymbeat-4c3ff/billingInfo 200
[debug] [2026-01-09T18:01:03.268Z] <<< [apiv2][body] GET https://cloudbilling.googleapis.com/v1/projects/gymbeat-4c3ff/billingInfo {"name":"projects/gymbeat-4c3ff/billingInfo","projectId":"gymbeat-4c3ff","billingAccountName":"billingAccounts/01FA3B-EA189C-F9A509","billingEnabled":true}
[debug] [2026-01-09T18:01:03.269Z] Checked if tokens are valid: true, expires at: 1767984924726
[debug] [2026-01-09T18:01:03.270Z] Checked if tokens are valid: true, expires at: 1767984924726
[debug] [2026-01-09T18:01:03.270Z] >>> [apiv2][query] POST https://cloudfunctions.googleapis.com/v2/projects/gymbeat-4c3ff/locations/us-central1/functions:generateUploadUrl [none]
[debug] [2026-01-09T18:01:03.588Z] <<< [apiv2][status] POST https://cloudfunctions.googleapis.com/v2/projects/gymbeat-4c3ff/locations/us-central1/functions:generateUploadUrl 200
[debug] [2026-01-09T18:01:03.589Z] <<< [apiv2][body] POST https://cloudfunctions.googleapis.com/v2/projects/gymbeat-4c3ff/locations/us-central1/functions:generateUploadUrl {"uploadUrl":"https://storage.googleapis.com/gcf-v2-uploads-418244836174.us-central1.cloudfunctions.appspot.com/c6252dcd-80f3-43bc-98ac-fbc60cd15eae.zip?GoogleAccessId=service-418244836174@gcf-admin-robot.iam.gserviceaccount.com&Expires=1767983463&Signature=rMaBYh40FjyK5EI2kz2LOoP14qJHQed3FfHlpeJHGf3NRGDdfRZzw6UI5XFRLFgEppIeqnbwIvD3kgnuzwL3N0VYR%2FfANiKySXCnytZYxi%2Fd2OK0%2B9Xfwtw0seEzKA2Lwr5FUtzdFAk1%2FKW3Lf0Xj1CKVw2xowEpzyhdvCidm5nC9wgRz%2FpE1zMtFMilJaSJBxhMpFbXKhEomP7aGZESunRjoIzrKK3qjubEzs7G0Ox9cRuJ3F5nN%2FKPuoaQT7au2TYRl0HN%2BADKLcLht3EvuEP5lkOq9DMW9FBXt6YoSP3GTAgwNh1A9U1YEMInRMMS2Y7m2EeH5Xknrt2SmLgljw%3D%3D","storageSource":{"bucket":"gcf-v2-uploads-418244836174.us-central1.cloudfunctions.appspot.com","object":"c6252dcd-80f3-43bc-98ac-fbc60cd15eae.zip"}}
[debug] [2026-01-09T18:01:03.590Z] >>> [apiv2][query] PUT https://storage.googleapis.com/gcf-v2-uploads-418244836174.us-central1.cloudfunctions.appspot.com/c6252dcd-80f3-43bc-98ac-fbc60cd15eae.zip GoogleAccessId=service-418244836174%40gcf-admin-robot.iam.gserviceaccount.com&Expires=1767983463&Signature=rMaBYh40FjyK5EI2kz2LOoP14qJHQed3FfHlpeJHGf3NRGDdfRZzw6UI5XFRLFgEppIeqnbwIvD3kgnuzwL3N0VYR%2FfANiKySXCnytZYxi%2Fd2OK0%2B9Xfwtw0seEzKA2Lwr5FUtzdFAk1%2FKW3Lf0Xj1CKVw2xowEpzyhdvCidm5nC9wgRz%2FpE1zMtFMilJaSJBxhMpFbXKhEomP7aGZESunRjoIzrKK3qjubEzs7G0Ox9cRuJ3F5nN%2FKPuoaQT7au2TYRl0HN%2BADKLcLht3EvuEP5lkOq9DMW9FBXt6YoSP3GTAgwNh1A9U1YEMInRMMS2Y7m2EeH5Xknrt2SmLgljw%3D%3D
[debug] [2026-01-09T18:01:03.590Z] >>> [apiv2][body] PUT https://storage.googleapis.com/gcf-v2-uploads-418244836174.us-central1.cloudfunctions.appspot.com/c6252dcd-80f3-43bc-98ac-fbc60cd15eae.zip [stream]
[debug] [2026-01-09T18:01:04.472Z] <<< [apiv2][status] PUT https://storage.googleapis.com/gcf-v2-uploads-418244836174.us-central1.cloudfunctions.appspot.com/c6252dcd-80f3-43bc-98ac-fbc60cd15eae.zip 200
[debug] [2026-01-09T18:01:04.473Z] <<< [apiv2][body] PUT https://storage.googleapis.com/gcf-v2-uploads-418244836174.us-central1.cloudfunctions.appspot.com/c6252dcd-80f3-43bc-98ac-fbc60cd15eae.zip [omitted]
[info] ✔  functions: functions source uploaded successfully 
[info] i  functions: creating Node.js 22 (2nd Gen) function getFriendActivity(us-central1)... 
[debug] [2026-01-09T18:01:04.477Z] Checked if tokens are valid: true, expires at: 1767984924726
[debug] [2026-01-09T18:01:04.477Z] Checked if tokens are valid: true, expires at: 1767984924726
[debug] [2026-01-09T18:01:04.478Z] >>> [apiv2][query] POST https://cloudfunctions.googleapis.com/v2/projects/gymbeat-4c3ff/locations/us-central1/functions functionId=getFriendActivity
[debug] [2026-01-09T18:01:04.478Z] >>> [apiv2][body] POST https://cloudfunctions.googleapis.com/v2/projects/gymbeat-4c3ff/locations/us-central1/functions {"name":"projects/gymbeat-4c3ff/locations/us-central1/functions/getFriendActivity","buildConfig":{"runtime":"nodejs22","entryPoint":"getFriendActivity","source":{"storageSource":{"bucket":"gcf-v2-uploads-418244836174.us-central1.cloudfunctions.appspot.com","object":"c6252dcd-80f3-43bc-98ac-fbc60cd15eae.zip"}},"environmentVariables":{"GOOGLE_NODE_RUN_SCRIPTS":""}},"serviceConfig":{"environmentVariables":{"FIREBASE_CONFIG":"{\"projectId\":\"gymbeat-4c3ff\",\"storageBucket\":\"gymbeat-4c3ff.firebasestorage.app\"}","GCLOUD_PROJECT":"gymbeat-4c3ff","EVENTARC_CLOUD_EVENT_SOURCE":"projects/gymbeat-4c3ff/locations/us-central1/services/getFriendActivity","FUNCTION_TARGET":"getFriendActivity","LOG_EXECUTION_ID":"true"},"ingressSettings":null,"timeoutSeconds":null,"serviceAccountEmail":null,"availableMemory":"256Mi","minInstanceCount":null,"maxInstanceCount":null,"maxInstanceRequestConcurrency":80,"availableCpu":"1","vpcConnector":null,"vpcConnectorEgressSettings":null},"labels":{"deployment-tool":"cli-firebase","deployment-callable":"true","firebase-functions-hash":"9de19b52531a01178a8cd459ec69cf43bfd53fa1"}}
[debug] [2026-01-09T18:01:06.026Z] <<< [apiv2][status] POST https://cloudfunctions.googleapis.com/v2/projects/gymbeat-4c3ff/locations/us-central1/functions 200
[debug] [2026-01-09T18:01:06.026Z] <<< [apiv2][body] POST https://cloudfunctions.googleapis.com/v2/projects/gymbeat-4c3ff/locations/us-central1/functions {"name":"projects/gymbeat-4c3ff/locations/us-central1/operations/operation-1767981665396-647f84f22a84e-76c9abc0-6a7bc7c1","metadata":{"@type":"type.googleapis.com/google.cloud.functions.v2.OperationMetadata","createTime":"2026-01-09T18:01:05.882225321Z","target":"projects/gymbeat-4c3ff/locations/us-central1/functions/getFriendActivity","verb":"create","cancelRequested":false,"apiVersion":"v2"},"done":false}
[debug] [2026-01-09T18:01:06.027Z] Checked if tokens are valid: true, expires at: 1767984924726
[debug] [2026-01-09T18:01:06.027Z] Checked if tokens are valid: true, expires at: 1767984924726
[debug] [2026-01-09T18:01:06.027Z] >>> [apiv2][query] GET https://cloudfunctions.googleapis.com/v2/projects/gymbeat-4c3ff/locations/us-central1/operations/operation-1767981665396-647f84f22a84e-76c9abc0-6a7bc7c1 [none]
[debug] [2026-01-09T18:01:07.012Z] <<< [apiv2][status] GET https://cloudfunctions.googleapis.com/v2/projects/gymbeat-4c3ff/locations/us-central1/operations/operation-1767981665396-647f84f22a84e-76c9abc0-6a7bc7c1 200
[debug] [2026-01-09T18:01:07.013Z] <<< [apiv2][body] GET https://cloudfunctions.googleapis.com/v2/projects/gymbeat-4c3ff/locations/us-central1/operations/operation-1767981665396-647f84f22a84e-76c9abc0-6a7bc7c1 {"name":"projects/gymbeat-4c3ff/locations/us-central1/operations/operation-1767981665396-647f84f22a84e-76c9abc0-6a7bc7c1","metadata":{"@type":"type.googleapis.com/google.cloud.functions.v2.OperationMetadata","createTime":"2026-01-09T18:01:05.882225321Z","target":"projects/gymbeat-4c3ff/locations/us-central1/functions/getFriendActivity","verb":"create","cancelRequested":false,"apiVersion":"v2","requestResource":{"@type":"type.googleapis.com/google.cloud.functions.v2.Function","name":"projects/gymbeat-4c3ff/locations/us-central1/functions/getFriendActivity","buildConfig":{"runtime":"nodejs22","entryPoint":"getFriendActivity","source":{"storageSource":{"bucket":"gcf-v2-sources-418244836174-us-central1","object":"getFriendActivity/function-source.zip","generation":"1767981665617473"}},"environmentVariables":{"GOOGLE_NODE_RUN_SCRIPTS":""},"serviceAccount":"projects/gymbeat-4c3ff/serviceAccounts/418244836174-compute@developer.gserviceaccount.com","automaticUpdatePolicy":{}},"serviceConfig":{"service":"projects/gymbeat-4c3ff/locations/us-central1/services/getfriendactivity","timeoutSeconds":60,"environmentVariables":{"FIREBASE_CONFIG":"{\"projectId\":\"gymbeat-4c3ff\",\"storageBucket\":\"gymbeat-4c3ff.firebasestorage.app\"}","GCLOUD_PROJECT":"gymbeat-4c3ff","EVENTARC_CLOUD_EVENT_SOURCE":"projects/gymbeat-4c3ff/locations/us-central1/services/getFriendActivity","FUNCTION_TARGET":"getFriendActivity","LOG_EXECUTION_ID":"true"},"ingressSettings":"ALLOW_ALL","serviceAccountEmail":"418244836174-compute@developer.gserviceaccount.com","availableMemory":"256Mi","maxInstanceRequestConcurrency":80,"availableCpu":"1"},"labels":{"deployment-tool":"cli-firebase","deployment-callable":"true","firebase-functions-hash":"9de19b52531a01178a8cd459ec69cf43bfd53fa1"},"environment":"GEN_2"},"stages":[{"name":"BUILD","message":"Build in progress","state":"IN_PROGRESS","resource":"projects/418244836174/locations/us-central1/builds/6780dd63-1491-4383-ae8e-e6ec5cb7dcf0","resourceUri":"https://console.cloud.google.com/cloud-build/builds;region=us-central1/6780dd63-1491-4383-ae8e-e6ec5cb7dcf0?project=418244836174"},{"name":"SERVICE","state":"NOT_STARTED"}],"operationType":"CREATE_FUNCTION","buildName":"projects/418244836174/locations/us-central1/builds/6780dd63-1491-4383-ae8e-e6ec5cb7dcf0"},"done":false}
[debug] [2026-01-09T18:01:07.514Z] [create-default-us-central1-getFriendActivity] Retrying task index 0
[debug] [2026-01-09T18:01:07.514Z] Checked if tokens are valid: true, expires at: 1767984924726
[debug] [2026-01-09T18:01:07.514Z] Checked if tokens are valid: true, expires at: 1767984924726
[debug] [2026-01-09T18:01:07.514Z] >>> [apiv2][query] GET https://cloudfunctions.googleapis.com/v2/projects/gymbeat-4c3ff/locations/us-central1/operations/operation-1767981665396-647f84f22a84e-76c9abc0-6a7bc7c1 [none]
[debug] [2026-01-09T18:01:07.758Z] <<< [apiv2][status] GET https://cloudfunctions.googleapis.com/v2/projects/gymbeat-4c3ff/locations/us-central1/operations/operation-1767981665396-647f84f22a84e-76c9abc0-6a7bc7c1 200
[debug] [2026-01-09T18:01:07.759Z] <<< [apiv2][body] GET https://cloudfunctions.googleapis.com/v2/projects/gymbeat-4c3ff/locations/us-central1/operations/operation-1767981665396-647f84f22a84e-76c9abc0-6a7bc7c1 {"name":"projects/gymbeat-4c3ff/locations/us-central1/operations/operation-1767981665396-647f84f22a84e-76c9abc0-6a7bc7c1","metadata":{"@type":"type.googleapis.com/google.cloud.functions.v2.OperationMetadata","createTime":"2026-01-09T18:01:05.882225321Z","target":"projects/gymbeat-4c3ff/locations/us-central1/functions/getFriendActivity","verb":"create","cancelRequested":false,"apiVersion":"v2","requestResource":{"@type":"type.googleapis.com/google.cloud.functions.v2.Function","name":"projects/gymbeat-4c3ff/locations/us-central1/functions/getFriendActivity","buildConfig":{"runtime":"nodejs22","entryPoint":"getFriendActivity","source":{"storageSource":{"bucket":"gcf-v2-sources-418244836174-us-central1","object":"getFriendActivity/function-source.zip","generation":"1767981665617473"}},"environmentVariables":{"GOOGLE_NODE_RUN_SCRIPTS":""},"serviceAccount":"projects/gymbeat-4c3ff/serviceAccounts/418244836174-compute@developer.gserviceaccount.com","automaticUpdatePolicy":{}},"serviceConfig":{"service":"projects/gymbeat-4c3ff/locations/us-central1/services/getfriendactivity","timeoutSeconds":60,"environmentVariables":{"FIREBASE_CONFIG":"{\"projectId\":\"gymbeat-4c3ff\",\"storageBucket\":\"gymbeat-4c3ff.firebasestorage.app\"}","GCLOUD_PROJECT":"gymbeat-4c3ff","EVENTARC_CLOUD_EVENT_SOURCE":"projects/gymbeat-4c3ff/locations/us-central1/services/getFriendActivity","FUNCTION_TARGET":"getFriendActivity","LOG_EXECUTION_ID":"true"},"ingressSettings":"ALLOW_ALL","serviceAccountEmail":"418244836174-compute@developer.gserviceaccount.com","availableMemory":"256Mi","maxInstanceRequestConcurrency":80,"availableCpu":"1"},"labels":{"deployment-tool":"cli-firebase","deployment-callable":"true","firebase-functions-hash":"9de19b52531a01178a8cd459ec69cf43bfd53fa1"},"environment":"GEN_2"},"stages":[{"name":"BUILD","message":"Build in progress","state":"IN_PROGRESS","resource":"projects/418244836174/locations/us-central1/builds/6780dd63-1491-4383-ae8e-e6ec5cb7dcf0","resourceUri":"https://console.cloud.google.com/cloud-build/builds;region=us-central1/6780dd63-1491-4383-ae8e-e6ec5cb7dcf0?project=418244836174"},{"name":"SERVICE","state":"NOT_STARTED"}],"operationType":"CREATE_FUNCTION","buildName":"projects/418244836174/locations/us-central1/builds/6780dd63-1491-4383-ae8e-e6ec5cb7dcf0"},"done":false}
[debug] [2026-01-09T18:01:08.760Z] [create-default-us-central1-getFriendActivity] Retrying task index 0
[debug] [2026-01-09T18:01:08.760Z] Checked if tokens are valid: true, expires at: 1767984924726
[debug] [2026-01-09T18:01:08.760Z] Checked if tokens are valid: true, expires at: 1767984924726
[debug] [2026-01-09T18:01:08.760Z] >>> [apiv2][query] GET https://cloudfunctions.googleapis.com/v2/projects/gymbeat-4c3ff/locations/us-central1/operations/operation-1767981665396-647f84f22a84e-76c9abc0-6a7bc7c1 [none]
[debug] [2026-01-09T18:01:09.025Z] <<< [apiv2][status] GET https://cloudfunctions.googleapis.com/v2/projects/gymbeat-4c3ff/locations/us-central1/operations/operation-1767981665396-647f84f22a84e-76c9abc0-6a7bc7c1 200
[debug] [2026-01-09T18:01:09.025Z] <<< [apiv2][body] GET https://cloudfunctions.googleapis.com/v2/projects/gymbeat-4c3ff/locations/us-central1/operations/operation-1767981665396-647f84f22a84e-76c9abc0-6a7bc7c1 {"name":"projects/gymbeat-4c3ff/locations/us-central1/operations/operation-1767981665396-647f84f22a84e-76c9abc0-6a7bc7c1","metadata":{"@type":"type.googleapis.com/google.cloud.functions.v2.OperationMetadata","createTime":"2026-01-09T18:01:05.882225321Z","target":"projects/gymbeat-4c3ff/locations/us-central1/functions/getFriendActivity","verb":"create","cancelRequested":false,"apiVersion":"v2","requestResource":{"@type":"type.googleapis.com/google.cloud.functions.v2.Function","name":"projects/gymbeat-4c3ff/locations/us-central1/functions/getFriendActivity","buildConfig":{"runtime":"nodejs22","entryPoint":"getFriendActivity","source":{"storageSource":{"bucket":"gcf-v2-sources-418244836174-us-central1","object":"getFriendActivity/function-source.zip","generation":"1767981665617473"}},"environmentVariables":{"GOOGLE_NODE_RUN_SCRIPTS":""},"serviceAccount":"projects/gymbeat-4c3ff/serviceAccounts/418244836174-compute@developer.gserviceaccount.com","automaticUpdatePolicy":{}},"serviceConfig":{"service":"projects/gymbeat-4c3ff/locations/us-central1/services/getfriendactivity","timeoutSeconds":60,"environmentVariables":{"FIREBASE_CONFIG":"{\"projectId\":\"gymbeat-4c3ff\",\"storageBucket\":\"gymbeat-4c3ff.firebasestorage.app\"}","GCLOUD_PROJECT":"gymbeat-4c3ff","EVENTARC_CLOUD_EVENT_SOURCE":"projects/gymbeat-4c3ff/locations/us-central1/services/getFriendActivity","FUNCTION_TARGET":"getFriendActivity","LOG_EXECUTION_ID":"true"},"ingressSettings":"ALLOW_ALL","serviceAccountEmail":"418244836174-compute@developer.gserviceaccount.com","availableMemory":"256Mi","maxInstanceRequestConcurrency":80,"availableCpu":"1"},"labels":{"deployment-tool":"cli-firebase","deployment-callable":"true","firebase-functions-hash":"9de19b52531a01178a8cd459ec69cf43bfd53fa1"},"environment":"GEN_2"},"stages":[{"name":"BUILD","message":"Build in progress","state":"IN_PROGRESS","resource":"projects/418244836174/locations/us-central1/builds/6780dd63-1491-4383-ae8e-e6ec5cb7dcf0","resourceUri":"https://console.cloud.google.com/cloud-build/builds;region=us-central1/6780dd63-1491-4383-ae8e-e6ec5cb7dcf0?project=418244836174"},{"name":"SERVICE","state":"NOT_STARTED"}],"operationType":"CREATE_FUNCTION","buildName":"projects/418244836174/locations/us-central1/builds/6780dd63-1491-4383-ae8e-e6ec5cb7dcf0"},"done":false}
[debug] [2026-01-09T18:01:11.026Z] [create-default-us-central1-getFriendActivity] Retrying task index 0
[debug] [2026-01-09T18:01:11.026Z] Checked if tokens are valid: true, expires at: 1767984924726
[debug] [2026-01-09T18:01:11.026Z] Checked if tokens are valid: true, expires at: 1767984924726
[debug] [2026-01-09T18:01:11.026Z] >>> [apiv2][query] GET https://cloudfunctions.googleapis.com/v2/projects/gymbeat-4c3ff/locations/us-central1/operations/operation-1767981665396-647f84f22a84e-76c9abc0-6a7bc7c1 [none]
[debug] [2026-01-09T18:01:11.989Z] <<< [apiv2][status] GET https://cloudfunctions.googleapis.com/v2/projects/gymbeat-4c3ff/locations/us-central1/operations/operation-1767981665396-647f84f22a84e-76c9abc0-6a7bc7c1 200
[debug] [2026-01-09T18:01:11.989Z] <<< [apiv2][body] GET https://cloudfunctions.googleapis.com/v2/projects/gymbeat-4c3ff/locations/us-central1/operations/operation-1767981665396-647f84f22a84e-76c9abc0-6a7bc7c1 {"name":"projects/gymbeat-4c3ff/locations/us-central1/operations/operation-1767981665396-647f84f22a84e-76c9abc0-6a7bc7c1","metadata":{"@type":"type.googleapis.com/google.cloud.functions.v2.OperationMetadata","createTime":"2026-01-09T18:01:05.882225321Z","target":"projects/gymbeat-4c3ff/locations/us-central1/functions/getFriendActivity","verb":"create","cancelRequested":false,"apiVersion":"v2","requestResource":{"@type":"type.googleapis.com/google.cloud.functions.v2.Function","name":"projects/gymbeat-4c3ff/locations/us-central1/functions/getFriendActivity","buildConfig":{"runtime":"nodejs22","entryPoint":"getFriendActivity","source":{"storageSource":{"bucket":"gcf-v2-sources-418244836174-us-central1","object":"getFriendActivity/function-source.zip","generation":"1767981665617473"}},"environmentVariables":{"GOOGLE_NODE_RUN_SCRIPTS":""},"serviceAccount":"projects/gymbeat-4c3ff/serviceAccounts/418244836174-compute@developer.gserviceaccount.com","automaticUpdatePolicy":{}},"serviceConfig":{"service":"projects/gymbeat-4c3ff/locations/us-central1/services/getfriendactivity","timeoutSeconds":60,"environmentVariables":{"FIREBASE_CONFIG":"{\"projectId\":\"gymbeat-4c3ff\",\"storageBucket\":\"gymbeat-4c3ff.firebasestorage.app\"}","GCLOUD_PROJECT":"gymbeat-4c3ff","EVENTARC_CLOUD_EVENT_SOURCE":"projects/gymbeat-4c3ff/locations/us-central1/services/getFriendActivity","FUNCTION_TARGET":"getFriendActivity","LOG_EXECUTION_ID":"true"},"ingressSettings":"ALLOW_ALL","serviceAccountEmail":"418244836174-compute@developer.gserviceaccount.com","availableMemory":"256Mi","maxInstanceRequestConcurrency":80,"availableCpu":"1"},"labels":{"deployment-tool":"cli-firebase","deployment-callable":"true","firebase-functions-hash":"9de19b52531a01178a8cd459ec69cf43bfd53fa1"},"environment":"GEN_2"},"stages":[{"name":"BUILD","message":"Build in progress","state":"IN_PROGRESS","resource":"projects/418244836174/locations/us-central1/builds/6780dd63-1491-4383-ae8e-e6ec5cb7dcf0","resourceUri":"https://console.cloud.google.com/cloud-build/builds;region=us-central1/6780dd63-1491-4383-ae8e-e6ec5cb7dcf0?project=418244836174"},{"name":"SERVICE","state":"NOT_STARTED"}],"operationType":"CREATE_FUNCTION","buildName":"projects/418244836174/locations/us-central1/builds/6780dd63-1491-4383-ae8e-e6ec5cb7dcf0"},"done":false}
[debug] [2026-01-09T18:01:15.991Z] [create-default-us-central1-getFriendActivity] Retrying task index 0
[debug] [2026-01-09T18:01:15.992Z] Checked if tokens are valid: true, expires at: 1767984924726
[debug] [2026-01-09T18:01:15.992Z] Checked if tokens are valid: true, expires at: 1767984924726
[debug] [2026-01-09T18:01:15.992Z] >>> [apiv2][query] GET https://cloudfunctions.googleapis.com/v2/projects/gymbeat-4c3ff/locations/us-central1/operations/operation-1767981665396-647f84f22a84e-76c9abc0-6a7bc7c1 [none]
[debug] [2026-01-09T18:01:17.002Z] <<< [apiv2][status] GET https://cloudfunctions.googleapis.com/v2/projects/gymbeat-4c3ff/locations/us-central1/operations/operation-1767981665396-647f84f22a84e-76c9abc0-6a7bc7c1 200
[debug] [2026-01-09T18:01:17.003Z] <<< [apiv2][body] GET https://cloudfunctions.googleapis.com/v2/projects/gymbeat-4c3ff/locations/us-central1/operations/operation-1767981665396-647f84f22a84e-76c9abc0-6a7bc7c1 {"name":"projects/gymbeat-4c3ff/locations/us-central1/operations/operation-1767981665396-647f84f22a84e-76c9abc0-6a7bc7c1","metadata":{"@type":"type.googleapis.com/google.cloud.functions.v2.OperationMetadata","createTime":"2026-01-09T18:01:05.882225321Z","target":"projects/gymbeat-4c3ff/locations/us-central1/functions/getFriendActivity","verb":"create","cancelRequested":false,"apiVersion":"v2","requestResource":{"@type":"type.googleapis.com/google.cloud.functions.v2.Function","name":"projects/gymbeat-4c3ff/locations/us-central1/functions/getFriendActivity","buildConfig":{"runtime":"nodejs22","entryPoint":"getFriendActivity","source":{"storageSource":{"bucket":"gcf-v2-sources-418244836174-us-central1","object":"getFriendActivity/function-source.zip","generation":"1767981665617473"}},"environmentVariables":{"GOOGLE_NODE_RUN_SCRIPTS":""},"serviceAccount":"projects/gymbeat-4c3ff/serviceAccounts/418244836174-compute@developer.gserviceaccount.com","automaticUpdatePolicy":{}},"serviceConfig":{"service":"projects/gymbeat-4c3ff/locations/us-central1/services/getfriendactivity","timeoutSeconds":60,"environmentVariables":{"FIREBASE_CONFIG":"{\"projectId\":\"gymbeat-4c3ff\",\"storageBucket\":\"gymbeat-4c3ff.firebasestorage.app\"}","GCLOUD_PROJECT":"gymbeat-4c3ff","EVENTARC_CLOUD_EVENT_SOURCE":"projects/gymbeat-4c3ff/locations/us-central1/services/getFriendActivity","FUNCTION_TARGET":"getFriendActivity","LOG_EXECUTION_ID":"true"},"ingressSettings":"ALLOW_ALL","serviceAccountEmail":"418244836174-compute@developer.gserviceaccount.com","availableMemory":"256Mi","maxInstanceRequestConcurrency":80,"availableCpu":"1"},"labels":{"deployment-tool":"cli-firebase","deployment-callable":"true","firebase-functions-hash":"9de19b52531a01178a8cd459ec69cf43bfd53fa1"},"environment":"GEN_2"},"stages":[{"name":"BUILD","message":"Build in progress","state":"IN_PROGRESS","resource":"projects/418244836174/locations/us-central1/builds/6780dd63-1491-4383-ae8e-e6ec5cb7dcf0","resourceUri":"https://console.cloud.google.com/cloud-build/builds;region=us-central1/6780dd63-1491-4383-ae8e-e6ec5cb7dcf0?project=418244836174"},{"name":"SERVICE","state":"NOT_STARTED"}],"operationType":"CREATE_FUNCTION","buildName":"projects/418244836174/locations/us-central1/builds/6780dd63-1491-4383-ae8e-e6ec5cb7dcf0"},"done":false}
[debug] [2026-01-09T18:01:25.004Z] [create-default-us-central1-getFriendActivity] Retrying task index 0
[debug] [2026-01-09T18:01:25.004Z] Checked if tokens are valid: true, expires at: 1767984924726
[debug] [2026-01-09T18:01:25.005Z] Checked if tokens are valid: true, expires at: 1767984924726
[debug] [2026-01-09T18:01:25.005Z] >>> [apiv2][query] GET https://cloudfunctions.googleapis.com/v2/projects/gymbeat-4c3ff/locations/us-central1/operations/operation-1767981665396-647f84f22a84e-76c9abc0-6a7bc7c1 [none]
[debug] [2026-01-09T18:01:25.502Z] <<< [apiv2][status] GET https://cloudfunctions.googleapis.com/v2/projects/gymbeat-4c3ff/locations/us-central1/operations/operation-1767981665396-647f84f22a84e-76c9abc0-6a7bc7c1 200
[debug] [2026-01-09T18:01:25.503Z] <<< [apiv2][body] GET https://cloudfunctions.googleapis.com/v2/projects/gymbeat-4c3ff/locations/us-central1/operations/operation-1767981665396-647f84f22a84e-76c9abc0-6a7bc7c1 {"name":"projects/gymbeat-4c3ff/locations/us-central1/operations/operation-1767981665396-647f84f22a84e-76c9abc0-6a7bc7c1","metadata":{"@type":"type.googleapis.com/google.cloud.functions.v2.OperationMetadata","createTime":"2026-01-09T18:01:05.882225321Z","target":"projects/gymbeat-4c3ff/locations/us-central1/functions/getFriendActivity","verb":"create","cancelRequested":false,"apiVersion":"v2","requestResource":{"@type":"type.googleapis.com/google.cloud.functions.v2.Function","name":"projects/gymbeat-4c3ff/locations/us-central1/functions/getFriendActivity","buildConfig":{"runtime":"nodejs22","entryPoint":"getFriendActivity","source":{"storageSource":{"bucket":"gcf-v2-sources-418244836174-us-central1","object":"getFriendActivity/function-source.zip","generation":"1767981665617473"}},"environmentVariables":{"GOOGLE_NODE_RUN_SCRIPTS":""},"serviceAccount":"projects/gymbeat-4c3ff/serviceAccounts/418244836174-compute@developer.gserviceaccount.com","automaticUpdatePolicy":{}},"serviceConfig":{"service":"projects/gymbeat-4c3ff/locations/us-central1/services/getfriendactivity","timeoutSeconds":60,"environmentVariables":{"FIREBASE_CONFIG":"{\"projectId\":\"gymbeat-4c3ff\",\"storageBucket\":\"gymbeat-4c3ff.firebasestorage.app\"}","GCLOUD_PROJECT":"gymbeat-4c3ff","EVENTARC_CLOUD_EVENT_SOURCE":"projects/gymbeat-4c3ff/locations/us-central1/services/getFriendActivity","FUNCTION_TARGET":"getFriendActivity","LOG_EXECUTION_ID":"true"},"ingressSettings":"ALLOW_ALL","serviceAccountEmail":"418244836174-compute@developer.gserviceaccount.com","availableMemory":"256Mi","maxInstanceRequestConcurrency":80,"availableCpu":"1"},"labels":{"deployment-tool":"cli-firebase","deployment-callable":"true","firebase-functions-hash":"9de19b52531a01178a8cd459ec69cf43bfd53fa1"},"environment":"GEN_2"},"stages":[{"name":"BUILD","message":"Build in progress","state":"IN_PROGRESS","resource":"projects/418244836174/locations/us-central1/builds/6780dd63-1491-4383-ae8e-e6ec5cb7dcf0","resourceUri":"https://console.cloud.google.com/cloud-build/builds;region=us-central1/6780dd63-1491-4383-ae8e-e6ec5cb7dcf0?project=418244836174"},{"name":"SERVICE","state":"NOT_STARTED"}],"operationType":"CREATE_FUNCTION","buildName":"projects/418244836174/locations/us-central1/builds/6780dd63-1491-4383-ae8e-e6ec5cb7dcf0"},"done":false}
[debug] [2026-01-09T18:01:35.504Z] [create-default-us-central1-getFriendActivity] Retrying task index 0
[debug] [2026-01-09T18:01:35.505Z] Checked if tokens are valid: true, expires at: 1767984924726
[debug] [2026-01-09T18:01:35.505Z] Checked if tokens are valid: true, expires at: 1767984924726
[debug] [2026-01-09T18:01:35.505Z] >>> [apiv2][query] GET https://cloudfunctions.googleapis.com/v2/projects/gymbeat-4c3ff/locations/us-central1/operations/operation-1767981665396-647f84f22a84e-76c9abc0-6a7bc7c1 [none]
[debug] [2026-01-09T18:01:36.562Z] <<< [apiv2][status] GET https://cloudfunctions.googleapis.com/v2/projects/gymbeat-4c3ff/locations/us-central1/operations/operation-1767981665396-647f84f22a84e-76c9abc0-6a7bc7c1 200
[debug] [2026-01-09T18:01:36.562Z] <<< [apiv2][body] GET https://cloudfunctions.googleapis.com/v2/projects/gymbeat-4c3ff/locations/us-central1/operations/operation-1767981665396-647f84f22a84e-76c9abc0-6a7bc7c1 {"name":"projects/gymbeat-4c3ff/locations/us-central1/operations/operation-1767981665396-647f84f22a84e-76c9abc0-6a7bc7c1","metadata":{"@type":"type.googleapis.com/google.cloud.functions.v2.OperationMetadata","createTime":"2026-01-09T18:01:05.882225321Z","target":"projects/gymbeat-4c3ff/locations/us-central1/functions/getFriendActivity","verb":"create","cancelRequested":false,"apiVersion":"v2","requestResource":{"@type":"type.googleapis.com/google.cloud.functions.v2.Function","name":"projects/gymbeat-4c3ff/locations/us-central1/functions/getFriendActivity","buildConfig":{"runtime":"nodejs22","entryPoint":"getFriendActivity","source":{"storageSource":{"bucket":"gcf-v2-sources-418244836174-us-central1","object":"getFriendActivity/function-source.zip","generation":"1767981665617473"}},"environmentVariables":{"GOOGLE_NODE_RUN_SCRIPTS":""},"serviceAccount":"projects/gymbeat-4c3ff/serviceAccounts/418244836174-compute@developer.gserviceaccount.com","automaticUpdatePolicy":{}},"serviceConfig":{"service":"projects/gymbeat-4c3ff/locations/us-central1/services/getfriendactivity","timeoutSeconds":60,"environmentVariables":{"FIREBASE_CONFIG":"{\"projectId\":\"gymbeat-4c3ff\",\"storageBucket\":\"gymbeat-4c3ff.firebasestorage.app\"}","GCLOUD_PROJECT":"gymbeat-4c3ff","EVENTARC_CLOUD_EVENT_SOURCE":"projects/gymbeat-4c3ff/locations/us-central1/services/getFriendActivity","FUNCTION_TARGET":"getFriendActivity","LOG_EXECUTION_ID":"true"},"ingressSettings":"ALLOW_ALL","serviceAccountEmail":"418244836174-compute@developer.gserviceaccount.com","availableMemory":"256Mi","maxInstanceRequestConcurrency":80,"availableCpu":"1"},"labels":{"deployment-tool":"cli-firebase","deployment-callable":"true","firebase-functions-hash":"9de19b52531a01178a8cd459ec69cf43bfd53fa1"},"environment":"GEN_2"},"stages":[{"name":"BUILD","message":"Build in progress","state":"IN_PROGRESS","resource":"projects/418244836174/locations/us-central1/builds/6780dd63-1491-4383-ae8e-e6ec5cb7dcf0","resourceUri":"https://console.cloud.google.com/cloud-build/builds;region=us-central1/6780dd63-1491-4383-ae8e-e6ec5cb7dcf0?project=418244836174"},{"name":"SERVICE","state":"NOT_STARTED"}],"operationType":"CREATE_FUNCTION","buildName":"projects/418244836174/locations/us-central1/builds/6780dd63-1491-4383-ae8e-e6ec5cb7dcf0"},"done":false}
[debug] [2026-01-09T18:01:46.562Z] [create-default-us-central1-getFriendActivity] Retrying task index 0
[debug] [2026-01-09T18:01:46.563Z] Checked if tokens are valid: true, expires at: 1767984924726
[debug] [2026-01-09T18:01:46.563Z] Checked if tokens are valid: true, expires at: 1767984924726
[debug] [2026-01-09T18:01:46.563Z] >>> [apiv2][query] GET https://cloudfunctions.googleapis.com/v2/projects/gymbeat-4c3ff/locations/us-central1/operations/operation-1767981665396-647f84f22a84e-76c9abc0-6a7bc7c1 [none]
[debug] [2026-01-09T18:01:47.626Z] <<< [apiv2][status] GET https://cloudfunctions.googleapis.com/v2/projects/gymbeat-4c3ff/locations/us-central1/operations/operation-1767981665396-647f84f22a84e-76c9abc0-6a7bc7c1 200
[debug] [2026-01-09T18:01:47.626Z] <<< [apiv2][body] GET https://cloudfunctions.googleapis.com/v2/projects/gymbeat-4c3ff/locations/us-central1/operations/operation-1767981665396-647f84f22a84e-76c9abc0-6a7bc7c1 {"name":"projects/gymbeat-4c3ff/locations/us-central1/operations/operation-1767981665396-647f84f22a84e-76c9abc0-6a7bc7c1","metadata":{"@type":"type.googleapis.com/google.cloud.functions.v2.OperationMetadata","createTime":"2026-01-09T18:01:05.882225321Z","target":"projects/gymbeat-4c3ff/locations/us-central1/functions/getFriendActivity","verb":"create","cancelRequested":false,"apiVersion":"v2","requestResource":{"@type":"type.googleapis.com/google.cloud.functions.v2.Function","name":"projects/gymbeat-4c3ff/locations/us-central1/functions/getFriendActivity","buildConfig":{"runtime":"nodejs22","entryPoint":"getFriendActivity","source":{"storageSource":{"bucket":"gcf-v2-sources-418244836174-us-central1","object":"getFriendActivity/function-source.zip","generation":"1767981665617473"}},"environmentVariables":{"GOOGLE_NODE_RUN_SCRIPTS":""},"serviceAccount":"projects/gymbeat-4c3ff/serviceAccounts/418244836174-compute@developer.gserviceaccount.com","automaticUpdatePolicy":{}},"serviceConfig":{"service":"projects/gymbeat-4c3ff/locations/us-central1/services/getfriendactivity","timeoutSeconds":60,"environmentVariables":{"FIREBASE_CONFIG":"{\"projectId\":\"gymbeat-4c3ff\",\"storageBucket\":\"gymbeat-4c3ff.firebasestorage.app\"}","GCLOUD_PROJECT":"gymbeat-4c3ff","EVENTARC_CLOUD_EVENT_SOURCE":"projects/gymbeat-4c3ff/locations/us-central1/services/getFriendActivity","FUNCTION_TARGET":"getFriendActivity","LOG_EXECUTION_ID":"true"},"ingressSettings":"ALLOW_ALL","serviceAccountEmail":"418244836174-compute@developer.gserviceaccount.com","availableMemory":"256Mi","maxInstanceRequestConcurrency":80,"availableCpu":"1"},"labels":{"deployment-tool":"cli-firebase","deployment-callable":"true","firebase-functions-hash":"9de19b52531a01178a8cd459ec69cf43bfd53fa1"},"environment":"GEN_2"},"stages":[{"name":"BUILD","message":"Build in progress","state":"IN_PROGRESS","resource":"projects/418244836174/locations/us-central1/builds/6780dd63-1491-4383-ae8e-e6ec5cb7dcf0","resourceUri":"https://console.cloud.google.com/cloud-build/builds;region=us-central1/6780dd63-1491-4383-ae8e-e6ec5cb7dcf0?project=418244836174"},{"name":"SERVICE","state":"NOT_STARTED"}],"operationType":"CREATE_FUNCTION","buildName":"projects/418244836174/locations/us-central1/builds/6780dd63-1491-4383-ae8e-e6ec5cb7dcf0"},"done":false}
[debug] [2026-01-09T18:01:57.628Z] [create-default-us-central1-getFriendActivity] Retrying task index 0
[debug] [2026-01-09T18:01:57.629Z] Checked if tokens are valid: true, expires at: 1767984924726
[debug] [2026-01-09T18:01:57.629Z] Checked if tokens are valid: true, expires at: 1767984924726
[debug] [2026-01-09T18:01:57.629Z] >>> [apiv2][query] GET https://cloudfunctions.googleapis.com/v2/projects/gymbeat-4c3ff/locations/us-central1/operations/operation-1767981665396-647f84f22a84e-76c9abc0-6a7bc7c1 [none]
[debug] [2026-01-09T18:01:58.750Z] <<< [apiv2][status] GET https://cloudfunctions.googleapis.com/v2/projects/gymbeat-4c3ff/locations/us-central1/operations/operation-1767981665396-647f84f22a84e-76c9abc0-6a7bc7c1 200
[debug] [2026-01-09T18:01:58.750Z] <<< [apiv2][body] GET https://cloudfunctions.googleapis.com/v2/projects/gymbeat-4c3ff/locations/us-central1/operations/operation-1767981665396-647f84f22a84e-76c9abc0-6a7bc7c1 {"name":"projects/gymbeat-4c3ff/locations/us-central1/operations/operation-1767981665396-647f84f22a84e-76c9abc0-6a7bc7c1","metadata":{"@type":"type.googleapis.com/google.cloud.functions.v2.OperationMetadata","createTime":"2026-01-09T18:01:05.882225321Z","target":"projects/gymbeat-4c3ff/locations/us-central1/functions/getFriendActivity","verb":"create","cancelRequested":false,"apiVersion":"v2","requestResource":{"@type":"type.googleapis.com/google.cloud.functions.v2.Function","name":"projects/gymbeat-4c3ff/locations/us-central1/functions/getFriendActivity","buildConfig":{"runtime":"nodejs22","entryPoint":"getFriendActivity","source":{"storageSource":{"bucket":"gcf-v2-sources-418244836174-us-central1","object":"getFriendActivity/function-source.zip","generation":"1767981665617473"}},"environmentVariables":{"GOOGLE_NODE_RUN_SCRIPTS":""},"serviceAccount":"projects/gymbeat-4c3ff/serviceAccounts/418244836174-compute@developer.gserviceaccount.com","automaticUpdatePolicy":{}},"serviceConfig":{"service":"projects/gymbeat-4c3ff/locations/us-central1/services/getfriendactivity","timeoutSeconds":60,"environmentVariables":{"FIREBASE_CONFIG":"{\"projectId\":\"gymbeat-4c3ff\",\"storageBucket\":\"gymbeat-4c3ff.firebasestorage.app\"}","GCLOUD_PROJECT":"gymbeat-4c3ff","EVENTARC_CLOUD_EVENT_SOURCE":"projects/gymbeat-4c3ff/locations/us-central1/services/getFriendActivity","FUNCTION_TARGET":"getFriendActivity","LOG_EXECUTION_ID":"true"},"ingressSettings":"ALLOW_ALL","serviceAccountEmail":"418244836174-compute@developer.gserviceaccount.com","availableMemory":"256Mi","maxInstanceRequestConcurrency":80,"availableCpu":"1"},"labels":{"deployment-tool":"cli-firebase","deployment-callable":"true","firebase-functions-hash":"9de19b52531a01178a8cd459ec69cf43bfd53fa1"},"environment":"GEN_2"},"stages":[{"name":"BUILD","message":"Build in progress","state":"IN_PROGRESS","resource":"projects/418244836174/locations/us-central1/builds/6780dd63-1491-4383-ae8e-e6ec5cb7dcf0","resourceUri":"https://console.cloud.google.com/cloud-build/builds;region=us-central1/6780dd63-1491-4383-ae8e-e6ec5cb7dcf0?project=418244836174"},{"name":"SERVICE","state":"NOT_STARTED"}],"operationType":"CREATE_FUNCTION","buildName":"projects/418244836174/locations/us-central1/builds/6780dd63-1491-4383-ae8e-e6ec5cb7dcf0"},"done":false}
[debug] [2026-01-09T18:02:08.752Z] [create-default-us-central1-getFriendActivity] Retrying task index 0
[debug] [2026-01-09T18:02:08.753Z] Checked if tokens are valid: true, expires at: 1767984924726
[debug] [2026-01-09T18:02:08.753Z] Checked if tokens are valid: true, expires at: 1767984924726
[debug] [2026-01-09T18:02:08.753Z] >>> [apiv2][query] GET https://cloudfunctions.googleapis.com/v2/projects/gymbeat-4c3ff/locations/us-central1/operations/operation-1767981665396-647f84f22a84e-76c9abc0-6a7bc7c1 [none]
[debug] [2026-01-09T18:02:09.918Z] <<< [apiv2][status] GET https://cloudfunctions.googleapis.com/v2/projects/gymbeat-4c3ff/locations/us-central1/operations/operation-1767981665396-647f84f22a84e-76c9abc0-6a7bc7c1 200
[debug] [2026-01-09T18:02:09.918Z] <<< [apiv2][body] GET https://cloudfunctions.googleapis.com/v2/projects/gymbeat-4c3ff/locations/us-central1/operations/operation-1767981665396-647f84f22a84e-76c9abc0-6a7bc7c1 {"name":"projects/gymbeat-4c3ff/locations/us-central1/operations/operation-1767981665396-647f84f22a84e-76c9abc0-6a7bc7c1","metadata":{"@type":"type.googleapis.com/google.cloud.functions.v2.OperationMetadata","createTime":"2026-01-09T18:01:05.882225321Z","target":"projects/gymbeat-4c3ff/locations/us-central1/functions/getFriendActivity","verb":"create","cancelRequested":false,"apiVersion":"v2","requestResource":{"@type":"type.googleapis.com/google.cloud.functions.v2.Function","name":"projects/gymbeat-4c3ff/locations/us-central1/functions/getFriendActivity","buildConfig":{"runtime":"nodejs22","entryPoint":"getFriendActivity","source":{"storageSource":{"bucket":"gcf-v2-sources-418244836174-us-central1","object":"getFriendActivity/function-source.zip","generation":"1767981665617473"}},"environmentVariables":{"GOOGLE_NODE_RUN_SCRIPTS":""},"serviceAccount":"projects/gymbeat-4c3ff/serviceAccounts/418244836174-compute@developer.gserviceaccount.com","automaticUpdatePolicy":{}},"serviceConfig":{"service":"projects/gymbeat-4c3ff/locations/us-central1/services/getfriendactivity","timeoutSeconds":60,"environmentVariables":{"FIREBASE_CONFIG":"{\"projectId\":\"gymbeat-4c3ff\",\"storageBucket\":\"gymbeat-4c3ff.firebasestorage.app\"}","GCLOUD_PROJECT":"gymbeat-4c3ff","EVENTARC_CLOUD_EVENT_SOURCE":"projects/gymbeat-4c3ff/locations/us-central1/services/getFriendActivity","FUNCTION_TARGET":"getFriendActivity","LOG_EXECUTION_ID":"true"},"ingressSettings":"ALLOW_ALL","serviceAccountEmail":"418244836174-compute@developer.gserviceaccount.com","availableMemory":"256Mi","maxInstanceRequestConcurrency":80,"availableCpu":"1"},"labels":{"deployment-tool":"cli-firebase","deployment-callable":"true","firebase-functions-hash":"9de19b52531a01178a8cd459ec69cf43bfd53fa1"},"environment":"GEN_2"},"stages":[{"name":"BUILD","message":"Build in progress","state":"IN_PROGRESS","resource":"projects/418244836174/locations/us-central1/builds/6780dd63-1491-4383-ae8e-e6ec5cb7dcf0","resourceUri":"https://console.cloud.google.com/cloud-build/builds;region=us-central1/6780dd63-1491-4383-ae8e-e6ec5cb7dcf0?project=418244836174"},{"name":"SERVICE","state":"NOT_STARTED"}],"operationType":"CREATE_FUNCTION","buildName":"projects/418244836174/locations/us-central1/builds/6780dd63-1491-4383-ae8e-e6ec5cb7dcf0"},"done":false}
[debug] [2026-01-09T18:02:19.920Z] [create-default-us-central1-getFriendActivity] Retrying task index 0
[debug] [2026-01-09T18:02:19.920Z] Checked if tokens are valid: true, expires at: 1767984924726
[debug] [2026-01-09T18:02:19.920Z] Checked if tokens are valid: true, expires at: 1767984924726
[debug] [2026-01-09T18:02:19.920Z] >>> [apiv2][query] GET https://cloudfunctions.googleapis.com/v2/projects/gymbeat-4c3ff/locations/us-central1/operations/operation-1767981665396-647f84f22a84e-76c9abc0-6a7bc7c1 [none]
[debug] [2026-01-09T18:02:21.110Z] <<< [apiv2][status] GET https://cloudfunctions.googleapis.com/v2/projects/gymbeat-4c3ff/locations/us-central1/operations/operation-1767981665396-647f84f22a84e-76c9abc0-6a7bc7c1 200
[debug] [2026-01-09T18:02:21.111Z] <<< [apiv2][body] GET https://cloudfunctions.googleapis.com/v2/projects/gymbeat-4c3ff/locations/us-central1/operations/operation-1767981665396-647f84f22a84e-76c9abc0-6a7bc7c1 {"name":"projects/gymbeat-4c3ff/locations/us-central1/operations/operation-1767981665396-647f84f22a84e-76c9abc0-6a7bc7c1","metadata":{"@type":"type.googleapis.com/google.cloud.functions.v2.OperationMetadata","createTime":"2026-01-09T18:01:05.882225321Z","target":"projects/gymbeat-4c3ff/locations/us-central1/functions/getFriendActivity","verb":"create","cancelRequested":false,"apiVersion":"v2","requestResource":{"@type":"type.googleapis.com/google.cloud.functions.v2.Function","name":"projects/gymbeat-4c3ff/locations/us-central1/functions/getFriendActivity","buildConfig":{"runtime":"nodejs22","entryPoint":"getFriendActivity","source":{"storageSource":{"bucket":"gcf-v2-sources-418244836174-us-central1","object":"getFriendActivity/function-source.zip","generation":"1767981665617473"}},"environmentVariables":{"GOOGLE_NODE_RUN_SCRIPTS":""},"serviceAccount":"projects/gymbeat-4c3ff/serviceAccounts/418244836174-compute@developer.gserviceaccount.com","automaticUpdatePolicy":{}},"serviceConfig":{"service":"projects/gymbeat-4c3ff/locations/us-central1/services/getfriendactivity","timeoutSeconds":60,"environmentVariables":{"FIREBASE_CONFIG":"{\"projectId\":\"gymbeat-4c3ff\",\"storageBucket\":\"gymbeat-4c3ff.firebasestorage.app\"}","GCLOUD_PROJECT":"gymbeat-4c3ff","EVENTARC_CLOUD_EVENT_SOURCE":"projects/gymbeat-4c3ff/locations/us-central1/services/getFriendActivity","FUNCTION_TARGET":"getFriendActivity","LOG_EXECUTION_ID":"true"},"ingressSettings":"ALLOW_ALL","serviceAccountEmail":"418244836174-compute@developer.gserviceaccount.com","availableMemory":"256Mi","maxInstanceRequestConcurrency":80,"availableCpu":"1"},"labels":{"deployment-tool":"cli-firebase","deployment-callable":"true","firebase-functions-hash":"9de19b52531a01178a8cd459ec69cf43bfd53fa1"},"environment":"GEN_2"},"stages":[{"name":"BUILD","message":"Build in progress","state":"IN_PROGRESS","resource":"projects/418244836174/locations/us-central1/builds/6780dd63-1491-4383-ae8e-e6ec5cb7dcf0","resourceUri":"https://console.cloud.google.com/cloud-build/builds;region=us-central1/6780dd63-1491-4383-ae8e-e6ec5cb7dcf0?project=418244836174"},{"name":"SERVICE","state":"NOT_STARTED"}],"operationType":"CREATE_FUNCTION","buildName":"projects/418244836174/locations/us-central1/builds/6780dd63-1491-4383-ae8e-e6ec5cb7dcf0"},"done":false}
[debug] [2026-01-09T18:02:31.111Z] [create-default-us-central1-getFriendActivity] Retrying task index 0
[debug] [2026-01-09T18:02:31.112Z] Checked if tokens are valid: true, expires at: 1767984924726
[debug] [2026-01-09T18:02:31.112Z] Checked if tokens are valid: true, expires at: 1767984924726
[debug] [2026-01-09T18:02:31.112Z] >>> [apiv2][query] GET https://cloudfunctions.googleapis.com/v2/projects/gymbeat-4c3ff/locations/us-central1/operations/operation-1767981665396-647f84f22a84e-76c9abc0-6a7bc7c1 [none]
[debug] [2026-01-09T18:02:32.167Z] <<< [apiv2][status] GET https://cloudfunctions.googleapis.com/v2/projects/gymbeat-4c3ff/locations/us-central1/operations/operation-1767981665396-647f84f22a84e-76c9abc0-6a7bc7c1 200
[debug] [2026-01-09T18:02:32.168Z] <<< [apiv2][body] GET https://cloudfunctions.googleapis.com/v2/projects/gymbeat-4c3ff/locations/us-central1/operations/operation-1767981665396-647f84f22a84e-76c9abc0-6a7bc7c1 {"name":"projects/gymbeat-4c3ff/locations/us-central1/operations/operation-1767981665396-647f84f22a84e-76c9abc0-6a7bc7c1","metadata":{"@type":"type.googleapis.com/google.cloud.functions.v2.OperationMetadata","createTime":"2026-01-09T18:01:05.882225321Z","target":"projects/gymbeat-4c3ff/locations/us-central1/functions/getFriendActivity","verb":"create","cancelRequested":false,"apiVersion":"v2","requestResource":{"@type":"type.googleapis.com/google.cloud.functions.v2.Function","name":"projects/gymbeat-4c3ff/locations/us-central1/functions/getFriendActivity","buildConfig":{"runtime":"nodejs22","entryPoint":"getFriendActivity","source":{"storageSource":{"bucket":"gcf-v2-sources-418244836174-us-central1","object":"getFriendActivity/function-source.zip","generation":"1767981665617473"}},"environmentVariables":{"GOOGLE_NODE_RUN_SCRIPTS":""},"serviceAccount":"projects/gymbeat-4c3ff/serviceAccounts/418244836174-compute@developer.gserviceaccount.com","automaticUpdatePolicy":{}},"serviceConfig":{"service":"projects/gymbeat-4c3ff/locations/us-central1/services/getfriendactivity","timeoutSeconds":60,"environmentVariables":{"FIREBASE_CONFIG":"{\"projectId\":\"gymbeat-4c3ff\",\"storageBucket\":\"gymbeat-4c3ff.firebasestorage.app\"}","GCLOUD_PROJECT":"gymbeat-4c3ff","EVENTARC_CLOUD_EVENT_SOURCE":"projects/gymbeat-4c3ff/locations/us-central1/services/getFriendActivity","FUNCTION_TARGET":"getFriendActivity","LOG_EXECUTION_ID":"true"},"ingressSettings":"ALLOW_ALL","serviceAccountEmail":"418244836174-compute@developer.gserviceaccount.com","availableMemory":"256Mi","maxInstanceRequestConcurrency":80,"availableCpu":"1"},"labels":{"deployment-tool":"cli-firebase","deployment-callable":"true","firebase-functions-hash":"9de19b52531a01178a8cd459ec69cf43bfd53fa1"},"environment":"GEN_2"},"stages":[{"name":"BUILD","message":"Build in progress","state":"IN_PROGRESS","resource":"projects/418244836174/locations/us-central1/builds/6780dd63-1491-4383-ae8e-e6ec5cb7dcf0","resourceUri":"https://console.cloud.google.com/cloud-build/builds;region=us-central1/6780dd63-1491-4383-ae8e-e6ec5cb7dcf0?project=418244836174"},{"name":"SERVICE","state":"NOT_STARTED"}],"operationType":"CREATE_FUNCTION","buildName":"projects/418244836174/locations/us-central1/builds/6780dd63-1491-4383-ae8e-e6ec5cb7dcf0"},"done":false}
[debug] [2026-01-09T18:02:42.168Z] [create-default-us-central1-getFriendActivity] Retrying task index 0
[debug] [2026-01-09T18:02:42.169Z] Checked if tokens are valid: true, expires at: 1767984924726
[debug] [2026-01-09T18:02:42.169Z] Checked if tokens are valid: true, expires at: 1767984924726
[debug] [2026-01-09T18:02:42.170Z] >>> [apiv2][query] GET https://cloudfunctions.googleapis.com/v2/projects/gymbeat-4c3ff/locations/us-central1/operations/operation-1767981665396-647f84f22a84e-76c9abc0-6a7bc7c1 [none]
[debug] [2026-01-09T18:02:43.309Z] <<< [apiv2][status] GET https://cloudfunctions.googleapis.com/v2/projects/gymbeat-4c3ff/locations/us-central1/operations/operation-1767981665396-647f84f22a84e-76c9abc0-6a7bc7c1 200
[debug] [2026-01-09T18:02:43.309Z] <<< [apiv2][body] GET https://cloudfunctions.googleapis.com/v2/projects/gymbeat-4c3ff/locations/us-central1/operations/operation-1767981665396-647f84f22a84e-76c9abc0-6a7bc7c1 {"name":"projects/gymbeat-4c3ff/locations/us-central1/operations/operation-1767981665396-647f84f22a84e-76c9abc0-6a7bc7c1","metadata":{"@type":"type.googleapis.com/google.cloud.functions.v2.OperationMetadata","createTime":"2026-01-09T18:01:05.882225321Z","target":"projects/gymbeat-4c3ff/locations/us-central1/functions/getFriendActivity","verb":"create","cancelRequested":false,"apiVersion":"v2","requestResource":{"@type":"type.googleapis.com/google.cloud.functions.v2.Function","name":"projects/gymbeat-4c3ff/locations/us-central1/functions/getFriendActivity","buildConfig":{"runtime":"nodejs22","entryPoint":"getFriendActivity","source":{"storageSource":{"bucket":"gcf-v2-sources-418244836174-us-central1","object":"getFriendActivity/function-source.zip","generation":"1767981665617473"}},"environmentVariables":{"GOOGLE_NODE_RUN_SCRIPTS":""},"serviceAccount":"projects/gymbeat-4c3ff/serviceAccounts/418244836174-compute@developer.gserviceaccount.com","automaticUpdatePolicy":{}},"serviceConfig":{"service":"projects/gymbeat-4c3ff/locations/us-central1/services/getfriendactivity","timeoutSeconds":60,"environmentVariables":{"FIREBASE_CONFIG":"{\"projectId\":\"gymbeat-4c3ff\",\"storageBucket\":\"gymbeat-4c3ff.firebasestorage.app\"}","GCLOUD_PROJECT":"gymbeat-4c3ff","EVENTARC_CLOUD_EVENT_SOURCE":"projects/gymbeat-4c3ff/locations/us-central1/services/getFriendActivity","FUNCTION_TARGET":"getFriendActivity","LOG_EXECUTION_ID":"true"},"ingressSettings":"ALLOW_ALL","serviceAccountEmail":"418244836174-compute@developer.gserviceaccount.com","availableMemory":"256Mi","maxInstanceRequestConcurrency":80,"availableCpu":"1"},"labels":{"deployment-tool":"cli-firebase","deployment-callable":"true","firebase-functions-hash":"9de19b52531a01178a8cd459ec69cf43bfd53fa1"},"environment":"GEN_2"},"stages":[{"name":"BUILD","message":"Build in progress","state":"IN_PROGRESS","resource":"projects/418244836174/locations/us-central1/builds/6780dd63-1491-4383-ae8e-e6ec5cb7dcf0","resourceUri":"https://console.cloud.google.com/cloud-build/builds;region=us-central1/6780dd63-1491-4383-ae8e-e6ec5cb7dcf0?project=418244836174"},{"name":"SERVICE","state":"NOT_STARTED"}],"operationType":"CREATE_FUNCTION","buildName":"projects/418244836174/locations/us-central1/builds/6780dd63-1491-4383-ae8e-e6ec5cb7dcf0"},"done":false}
[debug] [2026-01-09T18:02:53.310Z] [create-default-us-central1-getFriendActivity] Retrying task index 0
[debug] [2026-01-09T18:02:53.310Z] Checked if tokens are valid: true, expires at: 1767984924726
[debug] [2026-01-09T18:02:53.310Z] Checked if tokens are valid: true, expires at: 1767984924726
[debug] [2026-01-09T18:02:53.310Z] >>> [apiv2][query] GET https://cloudfunctions.googleapis.com/v2/projects/gymbeat-4c3ff/locations/us-central1/operations/operation-1767981665396-647f84f22a84e-76c9abc0-6a7bc7c1 [none]
[debug] [2026-01-09T18:02:54.410Z] <<< [apiv2][status] GET https://cloudfunctions.googleapis.com/v2/projects/gymbeat-4c3ff/locations/us-central1/operations/operation-1767981665396-647f84f22a84e-76c9abc0-6a7bc7c1 200
[debug] [2026-01-09T18:02:54.410Z] <<< [apiv2][body] GET https://cloudfunctions.googleapis.com/v2/projects/gymbeat-4c3ff/locations/us-central1/operations/operation-1767981665396-647f84f22a84e-76c9abc0-6a7bc7c1 {"name":"projects/gymbeat-4c3ff/locations/us-central1/operations/operation-1767981665396-647f84f22a84e-76c9abc0-6a7bc7c1","metadata":{"@type":"type.googleapis.com/google.cloud.functions.v2.OperationMetadata","createTime":"2026-01-09T18:01:05.882225321Z","target":"projects/gymbeat-4c3ff/locations/us-central1/functions/getFriendActivity","verb":"create","cancelRequested":false,"apiVersion":"v2","requestResource":{"@type":"type.googleapis.com/google.cloud.functions.v2.Function","name":"projects/gymbeat-4c3ff/locations/us-central1/functions/getFriendActivity","buildConfig":{"runtime":"nodejs22","entryPoint":"getFriendActivity","source":{"storageSource":{"bucket":"gcf-v2-sources-418244836174-us-central1","object":"getFriendActivity/function-source.zip","generation":"1767981665617473"}},"environmentVariables":{"GOOGLE_NODE_RUN_SCRIPTS":""},"serviceAccount":"projects/gymbeat-4c3ff/serviceAccounts/418244836174-compute@developer.gserviceaccount.com","automaticUpdatePolicy":{}},"serviceConfig":{"service":"projects/gymbeat-4c3ff/locations/us-central1/services/getfriendactivity","timeoutSeconds":60,"environmentVariables":{"FIREBASE_CONFIG":"{\"projectId\":\"gymbeat-4c3ff\",\"storageBucket\":\"gymbeat-4c3ff.firebasestorage.app\"}","GCLOUD_PROJECT":"gymbeat-4c3ff","EVENTARC_CLOUD_EVENT_SOURCE":"projects/gymbeat-4c3ff/locations/us-central1/services/getFriendActivity","FUNCTION_TARGET":"getFriendActivity","LOG_EXECUTION_ID":"true"},"ingressSettings":"ALLOW_ALL","serviceAccountEmail":"418244836174-compute@developer.gserviceaccount.com","availableMemory":"256Mi","maxInstanceRequestConcurrency":80,"availableCpu":"1"},"labels":{"deployment-tool":"cli-firebase","deployment-callable":"true","firebase-functions-hash":"9de19b52531a01178a8cd459ec69cf43bfd53fa1"},"environment":"GEN_2"},"stages":[{"name":"BUILD","message":"Build in progress","state":"IN_PROGRESS","resource":"projects/418244836174/locations/us-central1/builds/6780dd63-1491-4383-ae8e-e6ec5cb7dcf0","resourceUri":"https://console.cloud.google.com/cloud-build/builds;region=us-central1/6780dd63-1491-4383-ae8e-e6ec5cb7dcf0?project=418244836174"},{"name":"SERVICE","state":"NOT_STARTED"}],"operationType":"CREATE_FUNCTION","buildName":"projects/418244836174/locations/us-central1/builds/6780dd63-1491-4383-ae8e-e6ec5cb7dcf0"},"done":false}
[debug] [2026-01-09T18:03:04.412Z] [create-default-us-central1-getFriendActivity] Retrying task index 0
[debug] [2026-01-09T18:03:04.413Z] Checked if tokens are valid: true, expires at: 1767984924726
[debug] [2026-01-09T18:03:04.413Z] Checked if tokens are valid: true, expires at: 1767984924726
[debug] [2026-01-09T18:03:04.413Z] >>> [apiv2][query] GET https://cloudfunctions.googleapis.com/v2/projects/gymbeat-4c3ff/locations/us-central1/operations/operation-1767981665396-647f84f22a84e-76c9abc0-6a7bc7c1 [none]
[debug] [2026-01-09T18:03:04.832Z] <<< [apiv2][status] GET https://cloudfunctions.googleapis.com/v2/projects/gymbeat-4c3ff/locations/us-central1/operations/operation-1767981665396-647f84f22a84e-76c9abc0-6a7bc7c1 200
[debug] [2026-01-09T18:03:04.832Z] <<< [apiv2][body] GET https://cloudfunctions.googleapis.com/v2/projects/gymbeat-4c3ff/locations/us-central1/operations/operation-1767981665396-647f84f22a84e-76c9abc0-6a7bc7c1 {"name":"projects/gymbeat-4c3ff/locations/us-central1/operations/operation-1767981665396-647f84f22a84e-76c9abc0-6a7bc7c1","metadata":{"@type":"type.googleapis.com/google.cloud.functions.v2.OperationMetadata","createTime":"2026-01-09T18:01:05.882225321Z","target":"projects/gymbeat-4c3ff/locations/us-central1/functions/getFriendActivity","verb":"create","cancelRequested":false,"apiVersion":"v2","requestResource":{"@type":"type.googleapis.com/google.cloud.functions.v2.Function","name":"projects/gymbeat-4c3ff/locations/us-central1/functions/getFriendActivity","buildConfig":{"runtime":"nodejs22","entryPoint":"getFriendActivity","source":{"storageSource":{"bucket":"gcf-v2-sources-418244836174-us-central1","object":"getFriendActivity/function-source.zip","generation":"1767981665617473"}},"environmentVariables":{"GOOGLE_NODE_RUN_SCRIPTS":""},"serviceAccount":"projects/gymbeat-4c3ff/serviceAccounts/418244836174-compute@developer.gserviceaccount.com","automaticUpdatePolicy":{}},"serviceConfig":{"service":"projects/gymbeat-4c3ff/locations/us-central1/services/getfriendactivity","timeoutSeconds":60,"environmentVariables":{"FIREBASE_CONFIG":"{\"projectId\":\"gymbeat-4c3ff\",\"storageBucket\":\"gymbeat-4c3ff.firebasestorage.app\"}","GCLOUD_PROJECT":"gymbeat-4c3ff","EVENTARC_CLOUD_EVENT_SOURCE":"projects/gymbeat-4c3ff/locations/us-central1/services/getFriendActivity","FUNCTION_TARGET":"getFriendActivity","LOG_EXECUTION_ID":"true"},"ingressSettings":"ALLOW_ALL","serviceAccountEmail":"418244836174-compute@developer.gserviceaccount.com","availableMemory":"256Mi","maxInstanceRequestConcurrency":80,"availableCpu":"1"},"labels":{"deployment-tool":"cli-firebase","deployment-callable":"true","firebase-functions-hash":"9de19b52531a01178a8cd459ec69cf43bfd53fa1"},"environment":"GEN_2"},"stages":[{"name":"BUILD","message":"Build in progress","state":"IN_PROGRESS","resource":"projects/418244836174/locations/us-central1/builds/6780dd63-1491-4383-ae8e-e6ec5cb7dcf0","resourceUri":"https://console.cloud.google.com/cloud-build/builds;region=us-central1/6780dd63-1491-4383-ae8e-e6ec5cb7dcf0?project=418244836174"},{"name":"SERVICE","state":"NOT_STARTED"}],"operationType":"CREATE_FUNCTION","buildName":"projects/418244836174/locations/us-central1/builds/6780dd63-1491-4383-ae8e-e6ec5cb7dcf0"},"done":false}
[debug] [2026-01-09T18:03:14.833Z] [create-default-us-central1-getFriendActivity] Retrying task index 0
[debug] [2026-01-09T18:03:14.833Z] Checked if tokens are valid: true, expires at: 1767984924726
[debug] [2026-01-09T18:03:14.833Z] Checked if tokens are valid: true, expires at: 1767984924726
[debug] [2026-01-09T18:03:14.834Z] >>> [apiv2][query] GET https://cloudfunctions.googleapis.com/v2/projects/gymbeat-4c3ff/locations/us-central1/operations/operation-1767981665396-647f84f22a84e-76c9abc0-6a7bc7c1 [none]
[debug] [2026-01-09T18:03:15.165Z] <<< [apiv2][status] GET https://cloudfunctions.googleapis.com/v2/projects/gymbeat-4c3ff/locations/us-central1/operations/operation-1767981665396-647f84f22a84e-76c9abc0-6a7bc7c1 200
[debug] [2026-01-09T18:03:15.165Z] <<< [apiv2][body] GET https://cloudfunctions.googleapis.com/v2/projects/gymbeat-4c3ff/locations/us-central1/operations/operation-1767981665396-647f84f22a84e-76c9abc0-6a7bc7c1 {"name":"projects/gymbeat-4c3ff/locations/us-central1/operations/operation-1767981665396-647f84f22a84e-76c9abc0-6a7bc7c1","metadata":{"@type":"type.googleapis.com/google.cloud.functions.v2.OperationMetadata","createTime":"2026-01-09T18:01:05.882225321Z","target":"projects/gymbeat-4c3ff/locations/us-central1/functions/getFriendActivity","verb":"create","cancelRequested":false,"apiVersion":"v2","requestResource":{"@type":"type.googleapis.com/google.cloud.functions.v2.Function","name":"projects/gymbeat-4c3ff/locations/us-central1/functions/getFriendActivity","buildConfig":{"runtime":"nodejs22","entryPoint":"getFriendActivity","source":{"storageSource":{"bucket":"gcf-v2-sources-418244836174-us-central1","object":"getFriendActivity/function-source.zip","generation":"1767981665617473"}},"environmentVariables":{"GOOGLE_NODE_RUN_SCRIPTS":""},"serviceAccount":"projects/gymbeat-4c3ff/serviceAccounts/418244836174-compute@developer.gserviceaccount.com","automaticUpdatePolicy":{}},"serviceConfig":{"service":"projects/gymbeat-4c3ff/locations/us-central1/services/getfriendactivity","timeoutSeconds":60,"environmentVariables":{"FIREBASE_CONFIG":"{\"projectId\":\"gymbeat-4c3ff\",\"storageBucket\":\"gymbeat-4c3ff.firebasestorage.app\"}","GCLOUD_PROJECT":"gymbeat-4c3ff","EVENTARC_CLOUD_EVENT_SOURCE":"projects/gymbeat-4c3ff/locations/us-central1/services/getFriendActivity","FUNCTION_TARGET":"getFriendActivity","LOG_EXECUTION_ID":"true"},"ingressSettings":"ALLOW_ALL","serviceAccountEmail":"418244836174-compute@developer.gserviceaccount.com","availableMemory":"256Mi","maxInstanceRequestConcurrency":80,"availableCpu":"1"},"labels":{"deployment-tool":"cli-firebase","deployment-callable":"true","firebase-functions-hash":"9de19b52531a01178a8cd459ec69cf43bfd53fa1"},"environment":"GEN_2"},"stages":[{"name":"BUILD","message":"Build in progress","state":"IN_PROGRESS","resource":"projects/418244836174/locations/us-central1/builds/6780dd63-1491-4383-ae8e-e6ec5cb7dcf0","resourceUri":"https://console.cloud.google.com/cloud-build/builds;region=us-central1/6780dd63-1491-4383-ae8e-e6ec5cb7dcf0?project=418244836174"},{"name":"SERVICE","state":"NOT_STARTED"}],"operationType":"CREATE_FUNCTION","buildName":"projects/418244836174/locations/us-central1/builds/6780dd63-1491-4383-ae8e-e6ec5cb7dcf0"},"done":false}
[debug] [2026-01-09T18:03:25.166Z] [create-default-us-central1-getFriendActivity] Retrying task index 0
[debug] [2026-01-09T18:03:25.166Z] Checked if tokens are valid: true, expires at: 1767984924726
[debug] [2026-01-09T18:03:25.166Z] Checked if tokens are valid: true, expires at: 1767984924726
[debug] [2026-01-09T18:03:25.166Z] >>> [apiv2][query] GET https://cloudfunctions.googleapis.com/v2/projects/gymbeat-4c3ff/locations/us-central1/operations/operation-1767981665396-647f84f22a84e-76c9abc0-6a7bc7c1 [none]
[debug] [2026-01-09T18:03:26.234Z] <<< [apiv2][status] GET https://cloudfunctions.googleapis.com/v2/projects/gymbeat-4c3ff/locations/us-central1/operations/operation-1767981665396-647f84f22a84e-76c9abc0-6a7bc7c1 200
[debug] [2026-01-09T18:03:26.234Z] <<< [apiv2][body] GET https://cloudfunctions.googleapis.com/v2/projects/gymbeat-4c3ff/locations/us-central1/operations/operation-1767981665396-647f84f22a84e-76c9abc0-6a7bc7c1 {"name":"projects/gymbeat-4c3ff/locations/us-central1/operations/operation-1767981665396-647f84f22a84e-76c9abc0-6a7bc7c1","metadata":{"@type":"type.googleapis.com/google.cloud.functions.v2.OperationMetadata","createTime":"2026-01-09T18:01:05.882225321Z","target":"projects/gymbeat-4c3ff/locations/us-central1/functions/getFriendActivity","verb":"create","cancelRequested":false,"apiVersion":"v2","requestResource":{"@type":"type.googleapis.com/google.cloud.functions.v2.Function","name":"projects/gymbeat-4c3ff/locations/us-central1/functions/getFriendActivity","buildConfig":{"runtime":"nodejs22","entryPoint":"getFriendActivity","source":{"storageSource":{"bucket":"gcf-v2-sources-418244836174-us-central1","object":"getFriendActivity/function-source.zip","generation":"1767981665617473"}},"environmentVariables":{"GOOGLE_NODE_RUN_SCRIPTS":""},"serviceAccount":"projects/gymbeat-4c3ff/serviceAccounts/418244836174-compute@developer.gserviceaccount.com","automaticUpdatePolicy":{}},"serviceConfig":{"service":"projects/gymbeat-4c3ff/locations/us-central1/services/getfriendactivity","timeoutSeconds":60,"environmentVariables":{"FIREBASE_CONFIG":"{\"projectId\":\"gymbeat-4c3ff\",\"storageBucket\":\"gymbeat-4c3ff.firebasestorage.app\"}","GCLOUD_PROJECT":"gymbeat-4c3ff","EVENTARC_CLOUD_EVENT_SOURCE":"projects/gymbeat-4c3ff/locations/us-central1/services/getFriendActivity","FUNCTION_TARGET":"getFriendActivity","LOG_EXECUTION_ID":"true"},"ingressSettings":"ALLOW_ALL","serviceAccountEmail":"418244836174-compute@developer.gserviceaccount.com","availableMemory":"256Mi","maxInstanceRequestConcurrency":80,"availableCpu":"1"},"labels":{"deployment-tool":"cli-firebase","deployment-callable":"true","firebase-functions-hash":"9de19b52531a01178a8cd459ec69cf43bfd53fa1"},"environment":"GEN_2"},"stages":[{"name":"BUILD","message":"Build in progress","state":"IN_PROGRESS","resource":"projects/418244836174/locations/us-central1/builds/6780dd63-1491-4383-ae8e-e6ec5cb7dcf0","resourceUri":"https://console.cloud.google.com/cloud-build/builds;region=us-central1/6780dd63-1491-4383-ae8e-e6ec5cb7dcf0?project=418244836174"},{"name":"SERVICE","state":"NOT_STARTED"}],"operationType":"CREATE_FUNCTION","buildName":"projects/418244836174/locations/us-central1/builds/6780dd63-1491-4383-ae8e-e6ec5cb7dcf0"},"done":false}
[debug] [2026-01-09T18:03:36.235Z] [create-default-us-central1-getFriendActivity] Retrying task index 0
[debug] [2026-01-09T18:03:36.236Z] Checked if tokens are valid: true, expires at: 1767984924726
[debug] [2026-01-09T18:03:36.236Z] Checked if tokens are valid: true, expires at: 1767984924726
[debug] [2026-01-09T18:03:36.236Z] >>> [apiv2][query] GET https://cloudfunctions.googleapis.com/v2/projects/gymbeat-4c3ff/locations/us-central1/operations/operation-1767981665396-647f84f22a84e-76c9abc0-6a7bc7c1 [none]
[debug] [2026-01-09T18:03:37.297Z] <<< [apiv2][status] GET https://cloudfunctions.googleapis.com/v2/projects/gymbeat-4c3ff/locations/us-central1/operations/operation-1767981665396-647f84f22a84e-76c9abc0-6a7bc7c1 200
[debug] [2026-01-09T18:03:37.298Z] <<< [apiv2][body] GET https://cloudfunctions.googleapis.com/v2/projects/gymbeat-4c3ff/locations/us-central1/operations/operation-1767981665396-647f84f22a84e-76c9abc0-6a7bc7c1 {"name":"projects/gymbeat-4c3ff/locations/us-central1/operations/operation-1767981665396-647f84f22a84e-76c9abc0-6a7bc7c1","metadata":{"@type":"type.googleapis.com/google.cloud.functions.v2.OperationMetadata","createTime":"2026-01-09T18:01:05.882225321Z","target":"projects/gymbeat-4c3ff/locations/us-central1/functions/getFriendActivity","verb":"create","cancelRequested":false,"apiVersion":"v2","requestResource":{"@type":"type.googleapis.com/google.cloud.functions.v2.Function","name":"projects/gymbeat-4c3ff/locations/us-central1/functions/getFriendActivity","buildConfig":{"runtime":"nodejs22","entryPoint":"getFriendActivity","source":{"storageSource":{"bucket":"gcf-v2-sources-418244836174-us-central1","object":"getFriendActivity/function-source.zip","generation":"1767981665617473"}},"environmentVariables":{"GOOGLE_NODE_RUN_SCRIPTS":""},"serviceAccount":"projects/gymbeat-4c3ff/serviceAccounts/418244836174-compute@developer.gserviceaccount.com","automaticUpdatePolicy":{}},"serviceConfig":{"service":"projects/gymbeat-4c3ff/locations/us-central1/services/getfriendactivity","timeoutSeconds":60,"environmentVariables":{"FIREBASE_CONFIG":"{\"projectId\":\"gymbeat-4c3ff\",\"storageBucket\":\"gymbeat-4c3ff.firebasestorage.app\"}","GCLOUD_PROJECT":"gymbeat-4c3ff","EVENTARC_CLOUD_EVENT_SOURCE":"projects/gymbeat-4c3ff/locations/us-central1/services/getFriendActivity","FUNCTION_TARGET":"getFriendActivity","LOG_EXECUTION_ID":"true"},"ingressSettings":"ALLOW_ALL","serviceAccountEmail":"418244836174-compute@developer.gserviceaccount.com","availableMemory":"256Mi","maxInstanceRequestConcurrency":80,"availableCpu":"1"},"labels":{"deployment-tool":"cli-firebase","deployment-callable":"true","firebase-functions-hash":"9de19b52531a01178a8cd459ec69cf43bfd53fa1"},"environment":"GEN_2"},"stages":[{"name":"BUILD","message":"Build in progress","state":"IN_PROGRESS","resource":"projects/418244836174/locations/us-central1/builds/6780dd63-1491-4383-ae8e-e6ec5cb7dcf0","resourceUri":"https://console.cloud.google.com/cloud-build/builds;region=us-central1/6780dd63-1491-4383-ae8e-e6ec5cb7dcf0?project=418244836174"},{"name":"SERVICE","state":"NOT_STARTED"}],"operationType":"CREATE_FUNCTION","buildName":"projects/418244836174/locations/us-central1/builds/6780dd63-1491-4383-ae8e-e6ec5cb7dcf0"},"done":false}
[debug] [2026-01-09T18:03:47.299Z] [create-default-us-central1-getFriendActivity] Retrying task index 0
[debug] [2026-01-09T18:03:47.300Z] Checked if tokens are valid: true, expires at: 1767984924726
[debug] [2026-01-09T18:03:47.300Z] Checked if tokens are valid: true, expires at: 1767984924726
[debug] [2026-01-09T18:03:47.300Z] >>> [apiv2][query] GET https://cloudfunctions.googleapis.com/v2/projects/gymbeat-4c3ff/locations/us-central1/operations/operation-1767981665396-647f84f22a84e-76c9abc0-6a7bc7c1 [none]
[debug] [2026-01-09T18:03:48.456Z] <<< [apiv2][status] GET https://cloudfunctions.googleapis.com/v2/projects/gymbeat-4c3ff/locations/us-central1/operations/operation-1767981665396-647f84f22a84e-76c9abc0-6a7bc7c1 200
[debug] [2026-01-09T18:03:48.456Z] <<< [apiv2][body] GET https://cloudfunctions.googleapis.com/v2/projects/gymbeat-4c3ff/locations/us-central1/operations/operation-1767981665396-647f84f22a84e-76c9abc0-6a7bc7c1 {"name":"projects/gymbeat-4c3ff/locations/us-central1/operations/operation-1767981665396-647f84f22a84e-76c9abc0-6a7bc7c1","metadata":{"@type":"type.googleapis.com/google.cloud.functions.v2.OperationMetadata","createTime":"2026-01-09T18:01:05.882225321Z","target":"projects/gymbeat-4c3ff/locations/us-central1/functions/getFriendActivity","verb":"create","cancelRequested":false,"apiVersion":"v2","requestResource":{"@type":"type.googleapis.com/google.cloud.functions.v2.Function","name":"projects/gymbeat-4c3ff/locations/us-central1/functions/getFriendActivity","buildConfig":{"runtime":"nodejs22","entryPoint":"getFriendActivity","source":{"storageSource":{"bucket":"gcf-v2-sources-418244836174-us-central1","object":"getFriendActivity/function-source.zip","generation":"1767981665617473"}},"environmentVariables":{"GOOGLE_NODE_RUN_SCRIPTS":""},"serviceAccount":"projects/gymbeat-4c3ff/serviceAccounts/418244836174-compute@developer.gserviceaccount.com","automaticUpdatePolicy":{}},"serviceConfig":{"service":"projects/gymbeat-4c3ff/locations/us-central1/services/getfriendactivity","timeoutSeconds":60,"environmentVariables":{"FIREBASE_CONFIG":"{\"projectId\":\"gymbeat-4c3ff\",\"storageBucket\":\"gymbeat-4c3ff.firebasestorage.app\"}","GCLOUD_PROJECT":"gymbeat-4c3ff","EVENTARC_CLOUD_EVENT_SOURCE":"projects/gymbeat-4c3ff/locations/us-central1/services/getFriendActivity","FUNCTION_TARGET":"getFriendActivity","LOG_EXECUTION_ID":"true"},"ingressSettings":"ALLOW_ALL","serviceAccountEmail":"418244836174-compute@developer.gserviceaccount.com","availableMemory":"256Mi","maxInstanceRequestConcurrency":80,"availableCpu":"1"},"labels":{"deployment-tool":"cli-firebase","deployment-callable":"true","firebase-functions-hash":"9de19b52531a01178a8cd459ec69cf43bfd53fa1"},"environment":"GEN_2"},"stages":[{"name":"BUILD","message":"Build in progress","state":"IN_PROGRESS","resource":"projects/418244836174/locations/us-central1/builds/6780dd63-1491-4383-ae8e-e6ec5cb7dcf0","resourceUri":"https://console.cloud.google.com/cloud-build/builds;region=us-central1/6780dd63-1491-4383-ae8e-e6ec5cb7dcf0?project=418244836174"},{"name":"SERVICE","state":"NOT_STARTED"}],"operationType":"CREATE_FUNCTION","buildName":"projects/418244836174/locations/us-central1/builds/6780dd63-1491-4383-ae8e-e6ec5cb7dcf0"},"done":false}
[debug] [2026-01-09T18:03:58.457Z] [create-default-us-central1-getFriendActivity] Retrying task index 0
[debug] [2026-01-09T18:03:58.458Z] Checked if tokens are valid: true, expires at: 1767984924726
[debug] [2026-01-09T18:03:58.458Z] Checked if tokens are valid: true, expires at: 1767984924726
[debug] [2026-01-09T18:03:58.458Z] >>> [apiv2][query] GET https://cloudfunctions.googleapis.com/v2/projects/gymbeat-4c3ff/locations/us-central1/operations/operation-1767981665396-647f84f22a84e-76c9abc0-6a7bc7c1 [none]
[debug] [2026-01-09T18:03:59.528Z] <<< [apiv2][status] GET https://cloudfunctions.googleapis.com/v2/projects/gymbeat-4c3ff/locations/us-central1/operations/operation-1767981665396-647f84f22a84e-76c9abc0-6a7bc7c1 200
[debug] [2026-01-09T18:03:59.529Z] <<< [apiv2][body] GET https://cloudfunctions.googleapis.com/v2/projects/gymbeat-4c3ff/locations/us-central1/operations/operation-1767981665396-647f84f22a84e-76c9abc0-6a7bc7c1 {"name":"projects/gymbeat-4c3ff/locations/us-central1/operations/operation-1767981665396-647f84f22a84e-76c9abc0-6a7bc7c1","metadata":{"@type":"type.googleapis.com/google.cloud.functions.v2.OperationMetadata","createTime":"2026-01-09T18:01:05.882225321Z","target":"projects/gymbeat-4c3ff/locations/us-central1/functions/getFriendActivity","verb":"create","cancelRequested":false,"apiVersion":"v2","requestResource":{"@type":"type.googleapis.com/google.cloud.functions.v2.Function","name":"projects/gymbeat-4c3ff/locations/us-central1/functions/getFriendActivity","buildConfig":{"runtime":"nodejs22","entryPoint":"getFriendActivity","source":{"storageSource":{"bucket":"gcf-v2-sources-418244836174-us-central1","object":"getFriendActivity/function-source.zip","generation":"1767981665617473"}},"environmentVariables":{"GOOGLE_NODE_RUN_SCRIPTS":""},"serviceAccount":"projects/gymbeat-4c3ff/serviceAccounts/418244836174-compute@developer.gserviceaccount.com","automaticUpdatePolicy":{}},"serviceConfig":{"service":"projects/gymbeat-4c3ff/locations/us-central1/services/getfriendactivity","timeoutSeconds":60,"environmentVariables":{"FIREBASE_CONFIG":"{\"projectId\":\"gymbeat-4c3ff\",\"storageBucket\":\"gymbeat-4c3ff.firebasestorage.app\"}","GCLOUD_PROJECT":"gymbeat-4c3ff","EVENTARC_CLOUD_EVENT_SOURCE":"projects/gymbeat-4c3ff/locations/us-central1/services/getFriendActivity","FUNCTION_TARGET":"getFriendActivity","LOG_EXECUTION_ID":"true"},"ingressSettings":"ALLOW_ALL","serviceAccountEmail":"418244836174-compute@developer.gserviceaccount.com","availableMemory":"256Mi","maxInstanceRequestConcurrency":80,"availableCpu":"1"},"labels":{"deployment-tool":"cli-firebase","deployment-callable":"true","firebase-functions-hash":"9de19b52531a01178a8cd459ec69cf43bfd53fa1"},"environment":"GEN_2"},"stages":[{"name":"BUILD","message":"Build in progress","state":"IN_PROGRESS","resource":"projects/418244836174/locations/us-central1/builds/6780dd63-1491-4383-ae8e-e6ec5cb7dcf0","resourceUri":"https://console.cloud.google.com/cloud-build/builds;region=us-central1/6780dd63-1491-4383-ae8e-e6ec5cb7dcf0?project=418244836174"},{"name":"SERVICE","state":"NOT_STARTED"}],"operationType":"CREATE_FUNCTION","buildName":"projects/418244836174/locations/us-central1/builds/6780dd63-1491-4383-ae8e-e6ec5cb7dcf0"},"done":false}
[debug] [2026-01-09T18:04:09.530Z] [create-default-us-central1-getFriendActivity] Retrying task index 0
[debug] [2026-01-09T18:04:09.530Z] Checked if tokens are valid: true, expires at: 1767984924726
[debug] [2026-01-09T18:04:09.530Z] Checked if tokens are valid: true, expires at: 1767984924726
[debug] [2026-01-09T18:04:09.530Z] >>> [apiv2][query] GET https://cloudfunctions.googleapis.com/v2/projects/gymbeat-4c3ff/locations/us-central1/operations/operation-1767981665396-647f84f22a84e-76c9abc0-6a7bc7c1 [none]
[debug] [2026-01-09T18:04:10.677Z] <<< [apiv2][status] GET https://cloudfunctions.googleapis.com/v2/projects/gymbeat-4c3ff/locations/us-central1/operations/operation-1767981665396-647f84f22a84e-76c9abc0-6a7bc7c1 200
[debug] [2026-01-09T18:04:10.677Z] <<< [apiv2][body] GET https://cloudfunctions.googleapis.com/v2/projects/gymbeat-4c3ff/locations/us-central1/operations/operation-1767981665396-647f84f22a84e-76c9abc0-6a7bc7c1 {"name":"projects/gymbeat-4c3ff/locations/us-central1/operations/operation-1767981665396-647f84f22a84e-76c9abc0-6a7bc7c1","metadata":{"@type":"type.googleapis.com/google.cloud.functions.v2.OperationMetadata","createTime":"2026-01-09T18:01:05.882225321Z","target":"projects/gymbeat-4c3ff/locations/us-central1/functions/getFriendActivity","verb":"create","cancelRequested":false,"apiVersion":"v2","requestResource":{"@type":"type.googleapis.com/google.cloud.functions.v2.Function","name":"projects/gymbeat-4c3ff/locations/us-central1/functions/getFriendActivity","buildConfig":{"runtime":"nodejs22","entryPoint":"getFriendActivity","source":{"storageSource":{"bucket":"gcf-v2-sources-418244836174-us-central1","object":"getFriendActivity/function-source.zip","generation":"1767981665617473"}},"environmentVariables":{"GOOGLE_NODE_RUN_SCRIPTS":""},"serviceAccount":"projects/gymbeat-4c3ff/serviceAccounts/418244836174-compute@developer.gserviceaccount.com","automaticUpdatePolicy":{}},"serviceConfig":{"service":"projects/gymbeat-4c3ff/locations/us-central1/services/getfriendactivity","timeoutSeconds":60,"environmentVariables":{"FIREBASE_CONFIG":"{\"projectId\":\"gymbeat-4c3ff\",\"storageBucket\":\"gymbeat-4c3ff.firebasestorage.app\"}","GCLOUD_PROJECT":"gymbeat-4c3ff","EVENTARC_CLOUD_EVENT_SOURCE":"projects/gymbeat-4c3ff/locations/us-central1/services/getFriendActivity","FUNCTION_TARGET":"getFriendActivity","LOG_EXECUTION_ID":"true"},"ingressSettings":"ALLOW_ALL","serviceAccountEmail":"418244836174-compute@developer.gserviceaccount.com","availableMemory":"256Mi","maxInstanceRequestConcurrency":80,"availableCpu":"1"},"labels":{"deployment-tool":"cli-firebase","deployment-callable":"true","firebase-functions-hash":"9de19b52531a01178a8cd459ec69cf43bfd53fa1"},"environment":"GEN_2"},"stages":[{"name":"BUILD","message":"Build in progress","state":"IN_PROGRESS","resource":"projects/418244836174/locations/us-central1/builds/6780dd63-1491-4383-ae8e-e6ec5cb7dcf0","resourceUri":"https://console.cloud.google.com/cloud-build/builds;region=us-central1/6780dd63-1491-4383-ae8e-e6ec5cb7dcf0?project=418244836174"},{"name":"SERVICE","state":"NOT_STARTED"}],"operationType":"CREATE_FUNCTION","buildName":"projects/418244836174/locations/us-central1/builds/6780dd63-1491-4383-ae8e-e6ec5cb7dcf0"},"done":false}
[debug] [2026-01-09T18:04:20.678Z] [create-default-us-central1-getFriendActivity] Retrying task index 0
[debug] [2026-01-09T18:04:20.679Z] Checked if tokens are valid: true, expires at: 1767984924726
[debug] [2026-01-09T18:04:20.679Z] Checked if tokens are valid: true, expires at: 1767984924726
[debug] [2026-01-09T18:04:20.679Z] >>> [apiv2][query] GET https://cloudfunctions.googleapis.com/v2/projects/gymbeat-4c3ff/locations/us-central1/operations/operation-1767981665396-647f84f22a84e-76c9abc0-6a7bc7c1 [none]
[debug] [2026-01-09T18:04:21.742Z] <<< [apiv2][status] GET https://cloudfunctions.googleapis.com/v2/projects/gymbeat-4c3ff/locations/us-central1/operations/operation-1767981665396-647f84f22a84e-76c9abc0-6a7bc7c1 200
[debug] [2026-01-09T18:04:21.742Z] <<< [apiv2][body] GET https://cloudfunctions.googleapis.com/v2/projects/gymbeat-4c3ff/locations/us-central1/operations/operation-1767981665396-647f84f22a84e-76c9abc0-6a7bc7c1 {"name":"projects/gymbeat-4c3ff/locations/us-central1/operations/operation-1767981665396-647f84f22a84e-76c9abc0-6a7bc7c1","metadata":{"@type":"type.googleapis.com/google.cloud.functions.v2.OperationMetadata","createTime":"2026-01-09T18:01:05.882225321Z","target":"projects/gymbeat-4c3ff/locations/us-central1/functions/getFriendActivity","verb":"create","cancelRequested":false,"apiVersion":"v2","requestResource":{"@type":"type.googleapis.com/google.cloud.functions.v2.Function","name":"projects/gymbeat-4c3ff/locations/us-central1/functions/getFriendActivity","buildConfig":{"runtime":"nodejs22","entryPoint":"getFriendActivity","source":{"storageSource":{"bucket":"gcf-v2-sources-418244836174-us-central1","object":"getFriendActivity/function-source.zip","generation":"1767981665617473"}},"environmentVariables":{"GOOGLE_NODE_RUN_SCRIPTS":""},"serviceAccount":"projects/gymbeat-4c3ff/serviceAccounts/418244836174-compute@developer.gserviceaccount.com","automaticUpdatePolicy":{}},"serviceConfig":{"service":"projects/gymbeat-4c3ff/locations/us-central1/services/getfriendactivity","timeoutSeconds":60,"environmentVariables":{"FIREBASE_CONFIG":"{\"projectId\":\"gymbeat-4c3ff\",\"storageBucket\":\"gymbeat-4c3ff.firebasestorage.app\"}","GCLOUD_PROJECT":"gymbeat-4c3ff","EVENTARC_CLOUD_EVENT_SOURCE":"projects/gymbeat-4c3ff/locations/us-central1/services/getFriendActivity","FUNCTION_TARGET":"getFriendActivity","LOG_EXECUTION_ID":"true"},"ingressSettings":"ALLOW_ALL","serviceAccountEmail":"418244836174-compute@developer.gserviceaccount.com","availableMemory":"256Mi","maxInstanceRequestConcurrency":80,"availableCpu":"1"},"labels":{"deployment-tool":"cli-firebase","deployment-callable":"true","firebase-functions-hash":"9de19b52531a01178a8cd459ec69cf43bfd53fa1"},"environment":"GEN_2"},"stages":[{"name":"BUILD","message":"Build in progress","state":"IN_PROGRESS","resource":"projects/418244836174/locations/us-central1/builds/6780dd63-1491-4383-ae8e-e6ec5cb7dcf0","resourceUri":"https://console.cloud.google.com/cloud-build/builds;region=us-central1/6780dd63-1491-4383-ae8e-e6ec5cb7dcf0?project=418244836174"},{"name":"SERVICE","state":"NOT_STARTED"}],"operationType":"CREATE_FUNCTION","buildName":"projects/418244836174/locations/us-central1/builds/6780dd63-1491-4383-ae8e-e6ec5cb7dcf0"},"done":false}
[debug] [2026-01-09T18:04:31.743Z] [create-default-us-central1-getFriendActivity] Retrying task index 0
[debug] [2026-01-09T18:04:31.743Z] Checked if tokens are valid: true, expires at: 1767984924726
[debug] [2026-01-09T18:04:31.743Z] Checked if tokens are valid: true, expires at: 1767984924726
[debug] [2026-01-09T18:04:31.743Z] >>> [apiv2][query] GET https://cloudfunctions.googleapis.com/v2/projects/gymbeat-4c3ff/locations/us-central1/operations/operation-1767981665396-647f84f22a84e-76c9abc0-6a7bc7c1 [none]
[debug] [2026-01-09T18:04:32.913Z] <<< [apiv2][status] GET https://cloudfunctions.googleapis.com/v2/projects/gymbeat-4c3ff/locations/us-central1/operations/operation-1767981665396-647f84f22a84e-76c9abc0-6a7bc7c1 200
[debug] [2026-01-09T18:04:32.913Z] <<< [apiv2][body] GET https://cloudfunctions.googleapis.com/v2/projects/gymbeat-4c3ff/locations/us-central1/operations/operation-1767981665396-647f84f22a84e-76c9abc0-6a7bc7c1 {"name":"projects/gymbeat-4c3ff/locations/us-central1/operations/operation-1767981665396-647f84f22a84e-76c9abc0-6a7bc7c1","metadata":{"@type":"type.googleapis.com/google.cloud.functions.v2.OperationMetadata","createTime":"2026-01-09T18:01:05.882225321Z","target":"projects/gymbeat-4c3ff/locations/us-central1/functions/getFriendActivity","verb":"create","cancelRequested":false,"apiVersion":"v2","requestResource":{"@type":"type.googleapis.com/google.cloud.functions.v2.Function","name":"projects/gymbeat-4c3ff/locations/us-central1/functions/getFriendActivity","buildConfig":{"runtime":"nodejs22","entryPoint":"getFriendActivity","source":{"storageSource":{"bucket":"gcf-v2-sources-418244836174-us-central1","object":"getFriendActivity/function-source.zip","generation":"1767981665617473"}},"environmentVariables":{"GOOGLE_NODE_RUN_SCRIPTS":""},"serviceAccount":"projects/gymbeat-4c3ff/serviceAccounts/418244836174-compute@developer.gserviceaccount.com","automaticUpdatePolicy":{}},"serviceConfig":{"service":"projects/gymbeat-4c3ff/locations/us-central1/services/getfriendactivity","timeoutSeconds":60,"environmentVariables":{"FIREBASE_CONFIG":"{\"projectId\":\"gymbeat-4c3ff\",\"storageBucket\":\"gymbeat-4c3ff.firebasestorage.app\"}","GCLOUD_PROJECT":"gymbeat-4c3ff","EVENTARC_CLOUD_EVENT_SOURCE":"projects/gymbeat-4c3ff/locations/us-central1/services/getFriendActivity","FUNCTION_TARGET":"getFriendActivity","LOG_EXECUTION_ID":"true"},"ingressSettings":"ALLOW_ALL","serviceAccountEmail":"418244836174-compute@developer.gserviceaccount.com","availableMemory":"256Mi","maxInstanceRequestConcurrency":80,"availableCpu":"1"},"labels":{"deployment-tool":"cli-firebase","deployment-callable":"true","firebase-functions-hash":"9de19b52531a01178a8cd459ec69cf43bfd53fa1"},"environment":"GEN_2"},"stages":[{"name":"BUILD","message":"Build in progress","state":"IN_PROGRESS","resource":"projects/418244836174/locations/us-central1/builds/6780dd63-1491-4383-ae8e-e6ec5cb7dcf0","resourceUri":"https://console.cloud.google.com/cloud-build/builds;region=us-central1/6780dd63-1491-4383-ae8e-e6ec5cb7dcf0?project=418244836174"},{"name":"SERVICE","state":"NOT_STARTED"}],"operationType":"CREATE_FUNCTION","buildName":"projects/418244836174/locations/us-central1/builds/6780dd63-1491-4383-ae8e-e6ec5cb7dcf0"},"done":false}
